layer,expert,count
0,2,112
0,4,429
0,6,170
0,9,5
0,10,17
0,11,990
0,13,14
0,19,843
0,20,112
0,25,14
0,33,11
0,36,2
0,39,965
0,47,2758
0,50,742
0,55,49
0,60,3
0,61,910
0,63,21
0,66,5
0,68,259
0,70,1
0,74,22
0,78,9
0,79,48
0,83,4
0,86,7
0,88,10
0,96,2
0,103,47
0,104,1
0,107,1
0,108,120
0,110,1
0,113,5
0,119,73
0,127,49
0,129,1
0,138,33
0,139,41
0,141,2103
0,143,9
0,144,479
0,151,86
0,153,23
0,154,11
0,161,2
0,164,2
0,167,1
0,168,8
0,175,1
0,178,50
0,183,3
0,190,81
0,191,1
0,195,2
0,197,743
0,198,99
0,201,1
0,203,201
0,212,1
0,221,26
0,226,1
0,228,544
0,234,127
0,240,396
0,246,1786
0,247,18
0,249,13
0,252,2
0,256,102
0,258,784
0,260,16
0,270,4
0,273,1448
0,277,19
0,284,1708
0,291,45
0,294,145
0,296,78
0,306,5
0,311,10
0,312,1
0,317,10
0,318,35
0,326,35
0,327,48
0,339,80
0,341,6
0,342,16
0,348,42
0,350,61
0,359,3137
0,362,35
0,364,2
0,366,146
0,371,2
0,372,1
0,374,176
0,376,68
0,380,2
0,383,1
1,7,18
1,13,49
1,20,482
1,27,1
1,28,4
1,29,2
1,31,159
1,32,1
1,34,1
1,37,3144
1,44,2
1,52,66
1,59,106
1,60,1
1,65,2
1,75,7
1,81,59
1,87,1096
1,109,4
1,110,488
1,111,1483
1,112,56
1,114,6
1,116,72
1,117,5
1,118,1
1,119,408
1,120,1
1,126,39
1,131,45
1,132,39
1,134,112
1,137,2
1,142,16
1,143,19
1,157,1134
1,160,1119
1,165,136
1,174,358
1,175,108
1,177,21
1,179,33
1,181,82
1,186,6
1,191,1400
1,193,1977
1,204,5
1,213,5
1,215,8
1,219,1
1,220,25
1,224,29
1,234,568
1,240,36
1,242,54
1,245,80
1,251,32
1,255,2445
1,256,3
1,259,2
1,262,2
1,267,2
1,268,22
1,283,13
1,293,247
1,300,32
1,303,748
1,310,5
1,311,1557
1,314,51
1,333,2448
1,339,2
1,342,1144
1,343,2
1,347,4
1,355,48
1,372,4
2,2,145
2,4,374
2,7,133
2,8,16
2,9,44
2,10,15
2,11,19
2,12,33
2,13,33
2,17,65
2,18,81
2,19,33
2,20,44
2,21,28
2,26,118
2,29,48
2,32,49
2,33,62
2,34,44
2,35,176
2,37,102
2,38,131
2,39,78
2,40,53
2,41,21
2,43,49
2,44,362
2,45,12
2,46,45
2,47,56
2,53,63
2,54,23
2,55,23
2,64,2
2,65,33
2,67,58
2,71,206
2,72,16
2,73,120
2,74,601
2,75,28
2,78,37
2,79,117
2,80,76
2,81,48
2,84,16
2,85,59
2,86,13
2,87,1445
2,89,172
2,90,20
2,92,53
2,95,12
2,97,25
2,98,163
2,100,44
2,103,535
2,104,84
2,105,57
2,108,192
2,110,293
2,113,8
2,114,174
2,115,52
2,116,106
2,117,11
2,118,274
2,119,70
2,120,48
2,121,72
2,122,67
2,123,87
2,126,40
2,127,26
2,128,8
2,130,45
2,131,16
2,136,269
2,137,810
2,139,74
2,140,89
2,143,24
2,145,331
2,147,45
2,148,107
2,149,17
2,151,85
2,152,35
2,153,145
2,154,276
2,158,34
2,159,35
2,160,58
2,161,190
2,164,81
2,165,59
2,166,358
2,167,43
2,171,12
2,173,10
2,174,37
2,175,82
2,178,83
2,179,81
2,181,18
2,182,63
2,184,12
2,186,40
2,187,44
2,191,103
2,194,8
2,195,7
2,200,15
2,202,52
2,203,167
2,204,55
2,207,86
2,209,38
2,210,82
2,211,96
2,212,17
2,213,36
2,216,21
2,218,4
2,220,549
2,221,91
2,223,251
2,225,157
2,227,260
2,228,81
2,231,122
2,232,132
2,233,161
2,236,24
2,238,88
2,239,2
2,240,7
2,241,165
2,242,34
2,245,386
2,250,21
2,251,34
2,257,12
2,258,68
2,259,43
2,260,8
2,261,92
2,262,28
2,263,14
2,265,6
2,268,30
2,269,39
2,272,1814
2,273,85
2,274,137
2,278,47
2,279,58
2,280,78
2,281,172
2,285,24
2,288,65
2,291,7
2,292,25
2,293,3
2,296,198
2,300,18
2,302,133
2,304,247
2,305,138
2,306,160
2,308,3
2,309,204
2,311,41
2,312,242
2,314,41
2,316,158
2,317,99
2,320,349
2,321,126
2,322,43
2,323,55
2,326,71
2,328,82
2,331,7
2,332,57
2,333,57
2,335,119
2,336,110
2,337,144
2,338,1308
2,339,157
2,340,33
2,341,18
2,342,101
2,344,53
2,346,60
2,348,74
2,349,6
2,350,55
2,351,553
2,352,14
2,354,18
2,361,21
2,363,6
2,364,43
2,366,10
2,367,44
2,368,42
2,370,96
2,372,89
2,373,24
2,375,19
2,376,62
2,378,19
2,381,48
2,382,24
2,383,34
3,0,44
3,2,321
3,3,123
3,4,27
3,5,50
3,7,4
3,8,79
3,9,57
3,10,86
3,11,15
3,12,20
3,13,16
3,14,37
3,15,11
3,17,13
3,18,98
3,19,22
3,20,117
3,21,22
3,22,20
3,23,31
3,24,77
3,25,66
3,26,42
3,27,17
3,28,144
3,29,24
3,30,20
3,31,14
3,32,55
3,33,40
3,34,20
3,35,69
3,36,33
3,37,39
3,38,79
3,39,21
3,40,24
3,41,6
3,42,160
3,43,48
3,44,26
3,45,22
3,46,23
3,47,39
3,48,23
3,49,16
3,50,66
3,51,68
3,52,66
3,53,17
3,54,130
3,55,9
3,56,4
3,57,23
3,58,66
3,59,58
3,60,94
3,61,220
3,62,83
3,63,43
3,64,1
3,65,35
3,66,23
3,67,34
3,68,100
3,69,18
3,70,19
3,71,178
3,72,43
3,73,13
3,74,83
3,75,14
3,76,60
3,77,26
3,78,108
3,79,26
3,80,101
3,81,36
3,82,44
3,83,22
3,85,19
3,86,21
3,87,35
3,88,35
3,89,24
3,90,31
3,91,78
3,92,105
3,93,409
3,94,141
3,95,204
3,96,95
3,97,3
3,98,36
3,99,49
3,100,21
3,101,38
3,102,28
3,103,61
3,104,22
3,105,98
3,106,100
3,107,17
3,108,35
3,109,56
3,110,11
3,111,26
3,112,62
3,113,26
3,114,85
3,116,31
3,117,21
3,118,82
3,119,123
3,120,76
3,121,29
3,122,32
3,123,17
3,124,24
3,125,30
3,126,17
3,127,68
3,128,15
3,129,50
3,130,47
3,131,26
3,133,42
3,134,663
3,136,42
3,137,55
3,138,65
3,139,67
3,140,4
3,142,24
3,143,20
3,144,17
3,145,28
3,146,30
3,147,39
3,148,12
3,149,529
3,150,27
3,152,24
3,153,50
3,154,629
3,156,98
3,157,13
3,158,13
3,159,57
3,160,17
3,161,2
3,162,663
3,163,87
3,164,21
3,165,41
3,166,18
3,167,5
3,168,75
3,169,60
3,170,55
3,171,13
3,174,12
3,175,50
3,177,63
3,178,44
3,179,30
3,180,82
3,181,42
3,182,41
3,183,19
3,184,46
3,186,30
3,187,53
3,188,32
3,189,67
3,190,38
3,191,8
3,194,47
3,195,45
3,196,40
3,197,7
3,198,44
3,199,38
3,200,135
3,201,16
3,202,73
3,203,14
3,204,22
3,205,47
3,206,95
3,207,171
3,208,31
3,209,266
3,210,59
3,211,22
3,212,46
3,213,35
3,214,59
3,215,132
3,216,70
3,217,141
3,218,229
3,219,74
3,220,14
3,221,11
3,222,32
3,223,39
3,224,142
3,225,44
3,226,32
3,227,1
3,228,41
3,229,9
3,230,111
3,231,11
3,232,13
3,233,3
3,234,57
3,235,1
3,237,19
3,238,125
3,239,40
3,240,64
3,241,25
3,242,24
3,243,43
3,244,11
3,245,67
3,246,29
3,247,64
3,248,279
3,249,10
3,250,62
3,251,2
3,252,86
3,253,46
3,254,193
3,255,921
3,256,21
3,257,55
3,258,839
3,259,62
3,260,44
3,261,19
3,262,26
3,263,91
3,264,56
3,265,91
3,266,64
3,267,43
3,268,86
3,269,208
3,270,57
3,272,100
3,273,88
3,274,11
3,275,74
3,276,72
3,277,51
3,278,11
3,279,87
3,280,21
3,281,19
3,282,40
3,283,27
3,284,22
3,285,9
3,286,67
3,287,43
3,288,252
3,289,94
3,291,4
3,292,59
3,293,45
3,294,44
3,295,77
3,296,60
3,297,21
3,298,23
3,299,84
3,300,66
3,301,67
3,302,36
3,303,307
3,304,68
3,305,26
3,308,72
3,309,12
3,310,149
3,311,21
3,312,52
3,313,71
3,314,29
3,315,15
3,316,35
3,317,65
3,318,28
3,319,17
3,320,19
3,321,9
3,322,67
3,323,2
3,324,29
3,326,21
3,327,211
3,328,114
3,329,26
3,331,29
3,332,55
3,333,28
3,334,76
3,335,16
3,336,60
3,337,31
3,338,66
3,339,73
3,340,51
3,341,54
3,342,97
3,343,21
3,344,9
3,345,89
3,346,64
3,347,40
3,348,86
3,349,24
3,350,75
3,351,39
3,352,162
3,353,225
3,355,7
3,357,41
3,358,110
3,359,53
3,360,40
3,362,30
3,363,17
3,364,2
3,365,25
3,366,27
3,368,6
3,369,67
3,370,59
3,371,43
3,372,112
3,373,5
3,374,460
3,376,32
3,377,47
3,378,23
3,379,95
3,380,1
3,381,68
3,382,397
3,383,15
4,0,20
4,1,105
4,2,12
4,3,76
4,4,64
4,6,11
4,7,30
4,8,18
4,9,48
4,10,69
4,11,59
4,14,104
4,15,54
4,16,51
4,17,3
4,18,35
4,19,18
4,20,23
4,21,60
4,22,61
4,23,70
4,24,42
4,26,58
4,27,14
4,28,76
4,29,7
4,30,12
4,31,23
4,34,101
4,35,256
4,38,2
4,40,59
4,41,2
4,42,330
4,43,169
4,44,79
4,46,136
4,49,39
4,50,122
4,52,12
4,53,12
4,54,174
4,55,66
4,56,139
4,58,10
4,60,111
4,61,31
4,64,102
4,65,48
4,67,137
4,69,44
4,70,32
4,71,68
4,72,43
4,73,27
4,74,45
4,75,5
4,76,49
4,78,43
4,81,81
4,82,85
4,83,26
4,84,445
4,85,56
4,86,37
4,87,107
4,88,36
4,89,41
4,92,319
4,93,63
4,94,50
4,97,757
4,98,13
4,99,13
4,100,191
4,101,22
4,103,40
4,105,45
4,107,25
4,108,16
4,109,37
4,110,69
4,111,58
4,112,23
4,113,95
4,114,3
4,115,961
4,117,150
4,118,49
4,120,372
4,121,82
4,122,17
4,123,79
4,124,94
4,127,147
4,129,45
4,130,623
4,131,78
4,132,22
4,133,2
4,134,10
4,135,38
4,136,67
4,137,85
4,138,34
4,139,89
4,140,862
4,141,132
4,144,3
4,145,6
4,146,2
4,148,26
4,149,20
4,150,5
4,153,85
4,154,14
4,155,82
4,159,5
4,160,38
4,161,1087
4,162,24
4,164,129
4,165,35
4,166,225
4,167,316
4,168,3
4,169,12
4,170,94
4,171,12
4,172,160
4,174,4
4,175,63
4,177,27
4,179,65
4,180,4
4,181,81
4,182,9
4,183,83
4,185,6
4,186,106
4,187,312
4,188,15
4,190,122
4,193,54
4,194,19
4,195,7
4,196,49
4,197,105
4,198,2
4,199,16
4,200,10
4,201,647
4,203,37
4,204,111
4,205,10
4,206,18
4,208,48
4,210,181
4,211,1
4,212,23
4,215,25
4,216,329
4,217,40
4,218,19
4,219,41
4,220,43
4,221,129
4,222,32
4,223,62
4,224,26
4,225,73
4,228,122
4,229,113
4,230,1
4,231,29
4,232,51
4,235,17
4,236,84
4,237,95
4,238,119
4,239,17
4,240,3
4,241,144
4,244,65
4,246,114
4,247,1
4,249,10
4,250,1
4,251,35
4,253,28
4,254,39
4,255,100
4,256,102
4,257,14
4,258,142
4,259,50
4,260,21
4,262,5
4,263,68
4,264,4
4,265,75
4,267,25
4,268,111
4,269,444
4,270,156
4,271,10
4,272,150
4,273,21
4,274,16
4,275,134
4,276,183
4,278,6
4,279,43
4,280,49
4,281,44
4,282,56
4,283,35
4,285,18
4,286,169
4,288,20
4,289,20
4,290,20
4,292,5
4,293,221
4,294,92
4,295,433
4,296,52
4,297,39
4,298,4
4,300,66
4,301,19
4,302,79
4,303,75
4,305,34
4,307,194
4,308,9
4,309,33
4,310,53
4,312,21
4,313,16
4,314,138
4,315,20
4,317,19
4,318,5
4,321,31
4,322,83
4,323,28
4,325,7
4,326,61
4,328,59
4,329,54
4,330,45
4,331,43
4,332,48
4,333,18
4,335,46
4,336,20
4,337,39
4,338,1
4,339,5
4,340,67
4,342,109
4,345,29
4,346,62
4,347,13
4,348,71
4,349,20
4,350,53
4,351,82
4,352,77
4,353,86
4,355,132
4,356,36
4,357,17
4,358,33
4,359,40
4,360,79
4,361,25
4,362,31
4,363,46
4,365,464
4,366,48
4,371,75
4,372,67
4,374,48
4,375,117
4,376,8
4,377,31
4,378,8
4,379,152
4,380,147
4,381,43
4,382,104
4,383,16
5,0,27
5,2,122
5,3,98
5,4,57
5,5,21
5,6,1
5,7,22
5,8,59
5,9,95
5,10,15
5,11,16
5,12,42
5,13,12
5,14,51
5,15,2
5,16,31
5,17,15
5,18,52
5,19,9
5,20,59
5,21,24
5,22,47
5,23,17
5,24,39
5,25,76
5,26,40
5,27,7
5,28,25
5,29,58
5,30,60
5,31,52
5,32,34
5,33,18
5,34,47
5,35,17
5,36,30
5,37,49
5,38,206
5,39,6
5,40,89
5,42,14
5,44,37
5,45,69
5,46,72
5,47,67
5,48,90
5,50,8
5,51,49
5,52,58
5,53,64
5,54,2
5,55,219
5,56,64
5,58,45
5,59,27
5,61,6
5,63,187
5,64,58
5,65,22
5,66,46
5,67,2
5,68,29
5,69,149
5,70,25
5,71,132
5,73,121
5,74,52
5,75,325
5,76,36
5,77,14
5,78,43
5,79,3
5,80,51
5,81,46
5,82,78
5,83,98
5,84,271
5,85,315
5,86,52
5,87,105
5,88,33
5,89,78
5,90,159
5,91,32
5,92,19
5,93,48
5,94,451
5,95,49
5,96,3
5,97,38
5,98,77
5,99,21
5,100,1
5,101,24
5,102,46
5,103,27
5,104,90
5,105,35
5,106,10
5,107,31
5,108,55
5,109,36
5,110,42
5,111,77
5,112,22
5,113,66
5,114,75
5,115,119
5,116,15
5,117,21
5,118,14
5,119,125
5,121,53
5,122,83
5,123,26
5,124,7
5,125,42
5,126,73
5,127,33
5,128,96
5,129,78
5,130,71
5,131,59
5,132,45
5,133,124
5,134,52
5,135,20
5,136,83
5,137,104
5,139,7
5,140,42
5,141,56
5,142,26
5,143,64
5,145,309
5,146,42
5,147,12
5,148,85
5,149,59
5,150,113
5,151,78
5,152,62
5,153,46
5,155,272
5,156,44
5,157,16
5,158,784
5,159,37
5,160,52
5,161,86
5,162,42
5,163,320
5,164,92
5,165,19
5,166,41
5,167,39
5,168,12
5,169,152
5,171,13
5,172,33
5,173,113
5,175,29
5,176,13
5,177,25
5,178,21
5,179,10
5,180,41
5,181,38
5,182,13
5,183,105
5,184,26
5,185,45
5,186,84
5,187,10
5,188,156
5,189,29
5,190,16
5,191,46
5,192,12
5,193,73
5,194,72
5,195,15
5,196,509
5,198,55
5,199,25
5,200,58
5,201,60
5,202,19
5,203,52
5,204,8
5,205,49
5,206,44
5,208,2
5,209,31
5,210,26
5,211,55
5,212,24
5,214,8
5,215,479
5,216,9
5,217,120
5,219,19
5,220,66
5,221,19
5,222,100
5,223,65
5,224,29
5,225,443
5,226,13
5,227,40
5,228,3
5,229,126
5,230,39
5,231,65
5,232,48
5,233,48
5,235,88
5,236,31
5,237,50
5,238,32
5,239,59
5,240,73
5,241,41
5,242,49
5,243,20
5,244,218
5,245,24
5,246,88
5,247,91
5,248,84
5,249,40
5,250,184
5,251,16
5,252,8
5,253,35
5,254,37
5,255,33
5,256,33
5,257,20
5,258,56
5,259,48
5,260,18
5,261,11
5,263,44
5,265,28
5,266,53
5,267,50
5,268,60
5,269,10
5,270,5
5,271,12
5,272,49
5,273,44
5,274,242
5,276,34
5,277,99
5,278,82
5,280,22
5,281,42
5,282,43
5,283,65
5,284,27
5,285,70
5,286,11
5,287,210
5,288,86
5,289,29
5,290,30
5,291,49
5,292,35
5,293,27
5,294,10
5,295,158
5,296,44
5,297,283
5,299,50
5,301,21
5,302,45
5,304,13
5,305,20
5,306,51
5,307,74
5,308,154
5,309,7
5,310,13
5,311,144
5,312,6
5,313,4
5,314,105
5,315,27
5,316,79
5,317,42
5,318,169
5,320,54
5,321,31
5,322,65
5,324,85
5,325,21
5,326,23
5,327,4
5,328,6
5,329,56
5,330,21
5,331,469
5,333,51
5,334,6
5,335,28
5,336,55
5,337,106
5,338,234
5,339,31
5,341,28
5,342,53
5,343,176
5,344,56
5,345,140
5,346,5
5,348,201
5,349,32
5,350,104
5,351,15
5,352,41
5,353,68
5,355,63
5,356,28
5,357,3
5,358,64
5,359,21
5,360,3
5,361,23
5,363,602
5,364,55
5,366,1
5,367,74
5,368,17
5,369,58
5,370,17
5,371,35
5,372,142
5,373,147
5,374,526
5,375,286
5,376,33
5,377,11
5,378,9
5,379,91
5,381,85
5,382,12
5,383,70
6,0,187
6,1,28
6,2,37
6,3,66
6,4,118
6,5,46
6,6,16
6,7,66
6,10,50
6,12,29
6,13,147
6,14,449
6,15,230
6,16,111
6,17,15
6,19,79
6,20,233
6,22,81
6,23,327
6,24,38
6,25,77
6,26,116
6,27,218
6,29,137
6,30,15
6,32,69
6,33,36
6,34,64
6,37,220
6,39,143
6,40,65
6,41,17
6,42,62
6,43,59
6,44,58
6,45,134
6,46,16
6,47,67
6,48,38
6,49,37
6,50,55
6,51,175
6,52,68
6,53,7
6,54,38
6,55,9
6,56,53
6,57,61
6,59,23
6,60,26
6,62,31
6,63,10
6,65,57
6,66,68
6,68,91
6,69,62
6,70,129
6,71,50
6,72,52
6,73,43
6,75,94
6,76,8
6,77,462
6,78,64
6,79,37
6,80,34
6,81,4
6,82,205
6,83,148
6,84,40
6,85,136
6,86,31
6,87,102
6,88,24
6,90,92
6,91,14
6,92,90
6,93,64
6,94,21
6,95,38
6,96,57
6,97,140
6,98,125
6,99,62
6,100,65
6,101,97
6,102,20
6,103,65
6,104,218
6,105,8
6,106,61
6,107,4
6,108,99
6,109,81
6,110,46
6,111,66
6,112,22
6,113,33
6,114,70
6,115,11
6,116,14
6,117,104
6,118,36
6,119,22
6,120,2
6,121,64
6,122,1
6,123,83
6,125,39
6,126,18
6,127,54
6,128,98
6,129,85
6,130,132
6,131,97
6,132,32
6,133,119
6,134,6
6,135,61
6,136,30
6,140,11
6,141,73
6,142,40
6,143,123
6,146,41
6,147,10
6,148,1
6,149,3
6,150,72
6,151,85
6,152,102
6,153,64
6,154,55
6,155,13
6,156,114
6,157,306
6,158,47
6,159,91
6,160,147
6,161,84
6,162,234
6,163,41
6,164,91
6,166,182
6,167,45
6,168,1
6,169,57
6,170,72
6,171,49
6,174,112
6,176,13
6,177,46
6,178,68
6,179,21
6,180,10
6,181,63
6,182,15
6,183,352
6,184,101
6,185,66
6,187,72
6,188,68
6,189,139
6,190,89
6,191,192
6,192,67
6,193,35
6,194,29
6,195,1
6,196,22
6,197,232
6,200,81
6,202,65
6,204,144
6,205,178
6,206,59
6,207,15
6,208,72
6,209,76
6,210,18
6,211,21
6,212,58
6,213,85
6,214,57
6,215,43
6,216,47
6,217,55
6,218,4
6,219,166
6,220,32
6,221,128
6,223,56
6,224,63
6,225,109
6,226,17
6,227,39
6,228,86
6,230,13
6,231,84
6,232,41
6,233,32
6,234,63
6,235,70
6,236,11
6,237,62
6,238,54
6,239,121
6,240,209
6,241,275
6,242,6
6,243,86
6,244,3
6,245,105
6,246,3
6,247,1
6,248,2
6,249,125
6,250,223
6,251,71
6,252,38
6,253,89
6,254,117
6,255,101
6,256,82
6,257,63
6,258,21
6,259,56
6,260,130
6,261,4
6,262,168
6,263,37
6,264,23
6,265,155
6,266,54
6,269,46
6,272,50
6,273,52
6,274,58
6,275,22
6,276,34
6,277,52
6,278,10
6,279,6
6,280,9
6,281,99
6,282,85
6,284,3
6,285,24
6,286,59
6,287,21
6,290,57
6,291,90
6,292,105
6,293,24
6,294,4
6,295,5
6,296,108
6,297,27
6,298,13
6,299,27
6,300,7
6,301,27
6,302,55
6,303,4
6,305,41
6,306,55
6,307,47
6,308,70
6,309,231
6,310,32
6,311,30
6,312,12
6,313,7
6,314,272
6,315,133
6,316,82
6,317,61
6,318,41
6,319,51
6,321,91
6,323,15
6,324,210
6,325,55
6,326,35
6,327,2
6,330,222
6,331,24
6,332,38
6,333,16
6,334,65
6,335,130
6,336,62
6,337,24
6,338,56
6,339,57
6,340,5
6,342,1
6,343,6
6,344,42
6,345,325
6,346,20
6,347,41
6,348,42
6,349,3
6,350,49
6,351,64
6,352,44
6,353,13
6,354,54
6,355,106
6,356,87
6,357,80
6,358,202
6,359,18
6,360,10
6,361,96
6,362,58
6,363,84
6,365,287
6,366,56
6,367,20
6,370,26
6,371,149
6,372,63
6,373,29
6,374,25
6,375,37
6,376,59
6,377,38
6,378,86
6,379,151
6,380,66
6,381,19
6,382,59
6,383,21
7,0,111
7,1,191
7,2,10
7,3,374
7,4,43
7,5,50
7,6,1
7,7,22
7,8,119
7,9,75
7,10,23
7,11,133
7,12,11
7,13,67
7,14,28
7,15,17
7,16,3
7,17,31
7,18,38
7,19,35
7,20,64
7,21,28
7,22,38
7,23,157
7,24,292
7,25,75
7,26,95
7,27,5
7,28,46
7,29,191
7,31,22
7,32,15
7,33,50
7,34,44
7,35,267
7,36,127
7,37,23
7,38,81
7,39,17
7,40,180
7,41,147
7,43,34
7,44,52
7,45,31
7,46,49
7,47,93
7,48,16
7,49,154
7,50,48
7,51,18
7,52,237
7,53,73
7,54,95
7,55,47
7,56,10
7,57,38
7,58,39
7,60,66
7,61,1
7,62,13
7,63,46
7,64,8
7,65,237
7,67,91
7,68,95
7,69,188
7,70,44
7,71,82
7,72,53
7,73,121
7,74,41
7,75,67
7,76,50
7,77,63
7,78,64
7,79,52
7,80,260
7,81,9
7,82,58
7,83,101
7,84,53
7,86,23
7,87,56
7,88,39
7,89,8
7,90,20
7,91,59
7,92,1
7,93,32
7,94,24
7,95,18
7,96,124
7,97,78
7,98,71
7,99,2
7,100,25
7,102,255
7,103,54
7,104,16
7,105,22
7,106,1
7,108,2
7,109,363
7,110,46
7,111,64
7,112,33
7,113,8
7,115,3
7,116,50
7,117,43
7,118,382
7,119,48
7,120,12
7,121,57
7,122,5
7,123,29
7,124,53
7,125,22
7,126,68
7,127,55
7,128,26
7,130,45
7,131,28
7,132,442
7,133,1
7,134,29
7,135,289
7,136,255
7,138,9
7,139,56
7,140,12
7,141,13
7,142,114
7,143,51
7,144,58
7,145,14
7,146,68
7,147,106
7,148,38
7,149,90
7,150,41
7,151,42
7,152,63
7,153,23
7,155,155
7,156,65
7,157,89
7,158,8
7,159,37
7,160,9
7,161,104
7,162,42
7,163,180
7,164,51
7,165,7
7,166,8
7,168,16
7,169,41
7,170,64
7,171,12
7,172,6
7,173,58
7,174,31
7,175,28
7,176,93
7,177,86
7,178,93
7,179,36
7,181,16
7,182,22
7,183,16
7,184,63
7,185,166
7,186,43
7,187,68
7,188,23
7,189,250
7,190,8
7,191,26
7,192,24
7,193,16
7,194,38
7,195,94
7,196,61
7,198,72
7,199,25
7,200,25
7,201,2
7,202,3
7,203,426
7,204,7
7,205,44
7,206,20
7,207,3
7,208,58
7,209,283
7,210,19
7,211,118
7,212,15
7,213,30
7,214,76
7,215,27
7,216,191
7,217,26
7,218,44
7,219,46
7,220,17
7,221,149
7,222,54
7,223,146
7,224,13
7,225,4
7,226,74
7,227,320
7,228,6
7,230,42
7,231,31
7,232,48
7,233,19
7,234,49
7,235,2
7,236,27
7,237,5
7,238,113
7,239,24
7,240,63
7,241,64
7,242,28
7,243,45
7,245,21
7,246,16
7,247,15
7,248,38
7,249,77
7,250,76
7,251,37
7,252,54
7,253,54
7,254,4
7,255,542
7,256,34
7,257,274
7,258,304
7,259,59
7,260,43
7,261,49
7,262,61
7,263,7
7,264,110
7,265,29
7,266,67
7,267,27
7,268,93
7,269,79
7,271,41
7,272,82
7,273,67
7,274,51
7,275,36
7,276,16
7,277,50
7,278,83
7,279,66
7,280,85
7,281,164
7,282,2
7,283,35
7,284,25
7,285,8
7,286,71
7,288,54
7,289,125
7,290,14
7,291,41
7,292,52
7,294,78
7,295,101
7,296,76
7,297,5
7,298,159
7,299,19
7,300,8
7,301,93
7,302,92
7,303,17
7,304,167
7,305,41
7,306,93
7,307,239
7,309,254
7,310,41
7,311,14
7,312,33
7,313,39
7,314,36
7,315,87
7,316,282
7,317,70
7,318,22
7,319,1
7,320,73
7,321,14
7,323,88
7,324,6
7,325,34
7,327,5
7,328,27
7,329,3
7,330,71
7,331,42
7,332,165
7,333,122
7,334,95
7,335,77
7,336,46
7,337,93
7,338,12
7,339,69
7,340,8
7,341,40
7,342,11
7,343,165
7,344,11
7,345,19
7,346,158
7,347,80
7,348,5
7,349,1
7,350,15
7,351,5
7,352,1
7,354,16
7,355,10
7,356,61
7,357,135
7,358,46
7,359,29
7,360,84
7,361,18
7,362,117
7,363,15
7,364,4
7,365,65
7,366,34
7,367,5
7,368,200
7,369,11
7,370,45
7,371,15
7,372,121
7,373,91
7,376,27
7,377,140
7,378,22
7,379,22
7,381,88
7,382,24
8,0,19
8,1,266
8,2,22
8,3,44
8,4,26
8,5,118
8,6,63
8,7,279
8,8,28
8,9,1
8,10,2
8,11,3
8,12,237
8,13,165
8,14,50
8,15,67
8,16,153
8,17,71
8,18,19
8,19,30
8,20,425
8,21,38
8,22,49
8,23,74
8,24,26
8,25,30
8,26,44
8,27,45
8,28,169
8,29,16
8,30,15
8,31,50
8,32,33
8,33,121
8,34,47
8,35,129
8,36,5
8,37,22
8,38,28
8,39,49
8,40,9
8,41,78
8,42,55
8,43,284
8,44,22
8,45,129
8,46,20
8,47,117
8,48,58
8,49,19
8,50,28
8,51,11
8,52,39
8,53,20
8,54,28
8,55,59
8,56,234
8,57,255
8,58,17
8,59,123
8,60,75
8,61,95
8,62,41
8,64,36
8,65,39
8,68,41
8,69,6
8,70,22
8,71,162
8,72,17
8,73,35
8,74,30
8,75,20
8,76,18
8,77,275
8,78,49
8,79,15
8,80,42
8,81,82
8,82,23
8,83,417
8,84,173
8,85,62
8,86,19
8,87,39
8,88,9
8,89,4
8,90,68
8,91,1
8,92,29
8,93,205
8,94,20
8,95,33
8,96,42
8,97,78
8,98,3
8,99,95
8,100,401
8,101,41
8,102,34
8,103,21
8,104,95
8,105,69
8,106,10
8,107,50
8,108,48
8,109,12
8,110,258
8,111,10
8,113,24
8,114,38
8,115,65
8,116,73
8,117,27
8,119,127
8,120,38
8,121,70
8,122,39
8,123,60
8,124,90
8,125,15
8,126,83
8,127,58
8,128,25
8,129,22
8,130,26
8,131,56
8,132,31
8,133,496
8,134,104
8,135,66
8,136,86
8,137,51
8,138,46
8,139,46
8,140,75
8,141,85
8,142,89
8,145,20
8,146,32
8,147,25
8,148,3
8,149,228
8,150,69
8,151,6
8,152,67
8,154,53
8,156,10
8,157,33
8,158,29
8,159,243
8,160,16
8,161,21
8,162,56
8,163,90
8,164,34
8,165,25
8,166,57
8,167,5
8,168,25
8,169,25
8,170,50
8,171,160
8,172,33
8,173,11
8,174,34
8,175,130
8,176,78
8,177,98
8,178,62
8,179,40
8,180,21
8,181,172
8,182,203
8,185,69
8,186,146
8,187,115
8,188,23
8,189,10
8,190,57
8,191,49
8,192,36
8,193,35
8,194,16
8,195,32
8,196,40
8,197,32
8,198,47
8,199,55
8,200,13
8,201,165
8,202,47
8,203,45
8,204,88
8,205,66
8,206,8
8,207,186
8,208,26
8,209,38
8,210,39
8,211,17
8,212,78
8,213,342
8,214,4
8,215,11
8,216,24
8,217,34
8,218,40
8,219,11
8,220,223
8,221,14
8,222,4
8,223,66
8,224,3
8,225,203
8,226,23
8,227,28
8,228,16
8,229,19
8,230,3
8,231,7
8,232,50
8,233,69
8,234,17
8,235,20
8,236,52
8,237,23
8,238,109
8,239,47
8,240,28
8,241,9
8,243,21
8,244,241
8,245,23
8,246,80
8,247,16
8,248,31
8,251,25
8,252,23
8,253,25
8,254,21
8,255,97
8,256,81
8,257,6
8,258,43
8,259,2
8,260,172
8,261,29
8,262,9
8,263,136
8,264,17
8,265,37
8,266,8
8,267,21
8,268,52
8,270,93
8,271,135
8,272,142
8,273,55
8,275,48
8,276,18
8,277,20
8,278,107
8,279,183
8,280,3
8,281,15
8,282,25
8,283,174
8,284,16
8,285,22
8,286,225
8,287,28
8,288,38
8,289,43
8,291,13
8,292,26
8,293,185
8,294,32
8,295,16
8,296,15
8,297,109
8,298,106
8,299,30
8,300,29
8,301,136
8,302,40
8,303,30
8,304,4
8,305,7
8,307,214
8,308,52
8,309,28
8,310,56
8,311,36
8,312,21
8,313,17
8,314,137
8,315,44
8,316,12
8,317,33
8,318,170
8,320,79
8,321,137
8,322,21
8,323,5
8,324,5
8,325,38
8,326,66
8,327,2
8,328,34
8,329,5
8,330,23
8,331,23
8,332,149
8,333,62
8,334,250
8,335,3
8,336,68
8,337,122
8,338,31
8,339,29
8,340,45
8,341,48
8,342,4
8,343,48
8,344,39
8,346,167
8,347,31
8,348,66
8,350,10
8,351,101
8,352,137
8,353,11
8,354,22
8,355,15
8,356,21
8,357,27
8,358,180
8,359,41
8,361,330
8,362,122
8,363,14
8,364,407
8,365,1
8,366,8
8,367,186
8,368,285
8,369,121
8,370,11
8,371,38
8,372,13
8,373,173
8,374,31
8,375,132
8,376,39
8,377,19
8,379,30
8,380,23
8,381,30
8,383,8
9,0,163
9,1,120
9,2,61
9,3,55
9,4,54
9,5,28
9,6,4
9,7,45
9,8,23
9,9,22
9,11,61
9,12,222
9,13,6
9,14,35
9,15,49
9,16,2
9,17,43
9,18,33
9,19,40
9,20,30
9,22,189
9,23,189
9,24,2
9,25,28
9,26,102
9,27,49
9,29,107
9,30,64
9,31,4
9,32,52
9,33,2
9,34,116
9,35,29
9,36,268
9,37,9
9,38,22
9,39,29
9,41,322
9,42,123
9,43,75
9,44,36
9,45,27
9,46,22
9,47,34
9,48,238
9,49,84
9,50,7
9,51,30
9,52,10
9,53,123
9,54,105
9,55,6
9,56,31
9,58,48
9,59,3
9,60,1
9,61,55
9,62,1
9,63,180
9,64,230
9,65,2
9,66,21
9,67,376
9,68,217
9,69,100
9,70,165
9,71,41
9,72,156
9,73,131
9,74,31
9,75,48
9,76,1
9,77,1
9,78,145
9,79,1
9,80,41
9,81,22
9,82,131
9,83,46
9,84,28
9,85,9
9,86,6
9,87,61
9,88,21
9,89,23
9,90,27
9,91,8
9,92,20
9,94,211
9,97,27
9,99,37
9,100,67
9,101,1
9,102,7
9,103,52
9,104,42
9,105,13
9,106,18
9,108,10
9,109,77
9,110,80
9,111,61
9,112,11
9,113,4
9,114,352
9,115,2
9,116,10
9,117,218
9,118,1
9,119,8
9,120,135
9,121,116
9,123,150
9,124,2
9,125,18
9,126,38
9,127,67
9,128,64
9,129,68
9,130,16
9,131,7
9,132,62
9,133,53
9,134,16
9,135,62
9,136,29
9,137,5
9,138,114
9,139,38
9,140,45
9,141,384
9,142,32
9,143,12
9,144,61
9,145,6
9,146,33
9,147,109
9,148,186
9,149,20
9,150,3
9,151,18
9,152,28
9,153,18
9,154,103
9,155,56
9,156,69
9,157,48
9,159,5
9,161,1
9,162,1
9,163,2
9,164,61
9,165,74
9,167,81
9,168,40
9,169,38
9,170,34
9,171,138
9,172,161
9,173,84
9,174,62
9,175,39
9,176,63
9,177,82
9,180,51
9,181,561
9,182,279
9,183,142
9,184,74
9,185,13
9,186,55
9,187,41
9,189,34
9,190,32
9,191,52
9,192,10
9,193,113
9,194,17
9,195,27
9,196,52
9,197,10
9,198,26
9,199,46
9,200,48
9,201,19
9,202,2
9,203,276
9,204,26
9,206,69
9,207,46
9,208,34
9,209,24
9,210,21
9,211,102
9,212,1
9,213,17
9,214,34
9,215,54
9,216,1
9,217,39
9,219,24
9,220,56
9,221,24
9,222,83
9,223,3
9,224,232
9,225,18
9,226,93
9,227,14
9,228,1
9,229,151
9,230,221
9,231,11
9,232,16
9,233,108
9,234,75
9,235,60
9,236,13
9,237,30
9,238,12
9,239,215
9,240,22
9,241,25
9,242,75
9,243,182
9,244,63
9,245,1
9,246,19
9,247,1
9,248,56
9,249,179
9,250,51
9,251,111
9,252,192
9,253,62
9,254,3
9,255,115
9,257,230
9,259,141
9,260,360
9,261,8
9,262,3
9,263,211
9,265,29
9,266,27
9,267,33
9,268,37
9,269,43
9,270,8
9,271,156
9,272,46
9,273,65
9,274,67
9,275,55
9,276,3
9,277,70
9,278,23
9,279,40
9,281,226
9,282,15
9,283,45
9,284,79
9,285,1
9,286,50
9,287,16
9,288,13
9,289,75
9,290,314
9,291,31
9,292,44
9,293,52
9,294,181
9,295,44
9,296,32
9,297,86
9,299,45
9,300,85
9,301,216
9,303,27
9,304,58
9,305,28
9,306,224
9,307,184
9,308,18
9,309,48
9,310,73
9,311,115
9,313,257
9,316,25
9,317,28
9,318,50
9,319,79
9,321,63
9,322,23
9,323,15
9,324,24
9,325,25
9,326,2
9,327,2
9,328,131
9,329,119
9,330,169
9,331,18
9,332,137
9,333,149
9,334,56
9,335,92
9,336,53
9,337,23
9,338,40
9,339,111
9,340,2
9,341,65
9,342,4
9,343,156
9,344,64
9,345,60
9,346,3
9,347,108
9,348,2
9,349,44
9,350,90
9,351,31
9,352,36
9,353,28
9,354,3
9,355,5
9,356,140
9,357,67
9,358,25
9,359,94
9,360,20
9,361,1
9,362,63
9,363,26
9,364,39
9,365,85
9,366,91
9,368,55
9,369,74
9,370,24
9,371,32
9,372,29
9,373,167
9,374,419
9,376,44
9,377,12
9,378,91
9,379,84
9,380,17
9,381,135
9,383,30
10,1,181
10,2,39
10,3,117
10,4,24
10,7,201
10,9,26
10,10,29
10,11,48
10,13,36
10,14,63
10,15,48
10,16,417
10,17,12
10,18,77
10,19,17
10,20,45
10,22,82
10,23,89
10,24,62
10,25,28
10,26,4
10,27,37
10,28,186
10,29,4
10,30,75
10,31,1
10,32,12
10,34,22
10,35,37
10,36,75
10,37,14
10,38,57
10,39,2
10,40,1
10,42,3
10,43,166
10,44,37
10,45,41
10,46,86
10,47,33
10,48,319
10,49,144
10,50,35
10,51,39
10,52,6
10,53,7
10,54,35
10,55,282
10,56,7
10,57,42
10,59,15
10,60,5
10,61,24
10,62,57
10,63,11
10,64,16
10,65,379
10,66,101
10,67,168
10,68,215
10,69,41
10,70,18
10,71,79
10,73,27
10,74,42
10,75,1
10,76,16
10,77,83
10,78,62
10,79,26
10,80,174
10,81,24
10,82,45
10,83,59
10,84,8
10,85,40
10,86,23
10,87,25
10,88,3
10,89,198
10,90,17
10,91,10
10,93,290
10,94,87
10,96,77
10,97,8
10,98,26
10,99,3
10,100,84
10,102,440
10,103,169
10,104,152
10,105,42
10,106,35
10,107,2
10,108,23
10,109,7
10,111,11
10,112,81
10,113,100
10,114,2
10,115,6
10,116,84
10,117,43
10,118,373
10,119,56
10,120,59
10,121,39
10,122,6
10,123,51
10,124,22
10,125,8
10,126,33
10,127,48
10,129,9
10,130,88
10,131,3
10,132,10
10,133,27
10,134,186
10,135,23
10,136,39
10,137,20
10,138,5
10,139,1
10,140,10
10,142,44
10,143,9
10,144,27
10,145,29
10,146,153
10,147,4
10,148,23
10,150,23
10,151,236
10,152,43
10,153,85
10,154,64
10,156,7
10,157,23
10,158,103
10,160,116
10,162,56
10,163,7
10,164,18
10,165,36
10,166,19
10,167,79
10,169,40
10,170,33
10,171,30
10,172,141
10,173,30
10,174,70
10,175,11
10,176,132
10,177,5
10,178,26
10,179,26
10,180,63
10,181,182
10,182,66
10,183,24
10,184,71
10,185,49
10,186,1
10,187,31
10,188,32
10,189,31
10,190,51
10,191,30
10,192,55
10,193,105
10,195,54
10,196,32
10,197,38
10,198,38
10,199,451
10,200,108
10,201,51
10,202,9
10,203,6
10,204,11
10,205,109
10,206,284
10,207,3
10,208,34
10,209,3
10,210,10
10,211,179
10,212,97
10,213,9
10,214,1
10,215,57
10,216,1
10,217,209
10,218,1
10,219,56
10,221,38
10,222,29
10,223,1
10,224,50
10,225,100
10,226,62
10,227,72
10,228,317
10,229,57
10,230,167
10,231,97
10,232,18
10,233,145
10,234,219
10,235,67
10,236,3
10,237,7
10,239,3
10,240,133
10,241,31
10,243,29
10,244,161
10,246,38
10,248,16
10,249,30
10,250,244
10,251,112
10,252,94
10,253,140
10,254,156
10,255,161
10,256,5
10,257,73
10,258,19
10,259,18
10,260,2
10,261,100
10,262,5
10,263,30
10,264,5
10,265,3
10,266,48
10,267,120
10,268,53
10,269,51
10,270,5
10,272,113
10,273,70
10,274,30
10,275,1
10,276,152
10,277,2
10,279,4
10,280,73
10,281,13
10,282,80
10,284,147
10,286,8
10,287,23
10,288,57
10,289,134
10,290,3
10,291,16
10,292,111
10,293,38
10,294,34
10,295,104
10,296,55
10,297,59
10,298,27
10,299,114
10,300,67
10,301,10
10,302,155
10,303,282
10,305,15
10,306,9
10,308,53
10,309,88
10,310,20
10,311,70
10,312,66
10,313,80
10,314,61
10,315,215
10,316,115
10,317,67
10,318,37
10,319,37
10,320,112
10,321,3
10,322,22
10,323,734
10,324,42
10,325,11
10,326,89
10,327,93
10,328,103
10,329,36
10,330,71
10,332,55
10,333,9
10,334,61
10,335,49
10,336,502
10,337,14
10,338,25
10,339,11
10,341,55
10,342,18
10,344,8
10,345,66
10,346,126
10,347,14
10,349,58
10,350,12
10,351,1
10,352,23
10,353,318
10,354,81
10,355,11
10,356,42
10,357,310
10,358,313
10,359,34
10,360,5
10,361,64
10,362,27
10,363,9
10,364,16
10,365,72
10,366,81
10,367,26
10,368,106
10,369,72
10,370,21
10,371,414
10,372,15
10,373,7
10,374,42
10,375,34
10,376,62
10,377,68
10,378,37
10,379,76
10,380,198
10,381,20
10,383,1
11,0,9
11,1,37
11,2,27
11,3,20
11,4,70
11,5,124
11,6,22
11,7,298
11,8,168
11,9,5
11,10,152
11,11,7
11,13,39
11,15,125
11,16,450
11,17,117
11,18,28
11,19,43
11,20,619
11,21,10
11,22,10
11,23,6
11,25,131
11,26,12
11,27,70
11,28,116
11,29,19
11,30,142
11,31,27
11,32,24
11,33,53
11,35,52
11,36,54
11,37,27
11,38,218
11,39,1
11,40,26
11,41,141
11,42,29
11,43,20
11,44,23
11,45,32
11,46,14
11,47,48
11,48,34
11,49,96
11,50,37
11,51,21
11,52,13
11,53,7
11,54,6
11,55,67
11,56,13
11,58,251
11,59,18
11,60,130
11,61,24
11,62,16
11,63,53
11,64,272
11,66,273
11,67,14
11,68,37
11,69,12
11,72,44
11,73,17
11,74,76
11,75,60
11,76,28
11,77,15
11,78,44
11,79,25
11,81,28
11,82,398
11,83,85
11,84,25
11,85,12
11,86,35
11,88,5
11,89,82
11,90,14
11,91,27
11,93,23
11,94,42
11,95,6
11,96,2
11,97,23
11,98,119
11,99,25
11,100,107
11,101,54
11,102,13
11,103,102
11,104,23
11,105,128
11,106,11
11,107,29
11,108,95
11,109,1
11,111,3
11,112,68
11,113,33
11,114,19
11,115,128
11,116,21
11,117,10
11,118,3
11,119,109
11,120,18
11,121,24
11,123,42
11,124,510
11,125,5
11,126,18
11,127,5
11,128,73
11,129,11
11,131,53
11,132,7
11,133,285
11,134,47
11,135,89
11,136,7
11,137,6
11,138,99
11,139,95
11,140,54
11,141,34
11,142,14
11,143,59
11,144,309
11,145,259
11,146,191
11,147,208
11,148,2
11,149,105
11,150,33
11,151,60
11,152,2
11,155,29
11,157,24
11,158,157
11,159,42
11,160,2
11,161,52
11,162,231
11,164,5
11,165,22
11,166,17
11,167,10
11,168,89
11,169,125
11,170,33
11,171,191
11,172,6
11,173,50
11,174,62
11,175,31
11,176,63
11,177,2
11,178,28
11,179,51
11,180,14
11,181,24
11,182,202
11,183,23
11,184,1
11,185,1
11,186,62
11,187,34
11,188,113
11,189,32
11,190,67
11,191,55
11,192,11
11,193,40
11,194,57
11,195,55
11,196,52
11,197,40
11,198,2
11,199,38
11,200,52
11,202,19
11,203,105
11,204,77
11,205,202
11,207,56
11,208,40
11,209,83
11,210,31
11,211,395
11,213,2
11,214,350
11,215,3
11,216,219
11,217,57
11,218,32
11,219,6
11,220,144
11,221,63
11,222,71
11,223,75
11,224,35
11,225,73
11,226,52
11,227,68
11,228,57
11,230,4
11,232,10
11,233,389
11,234,4
11,235,216
11,236,23
11,237,30
11,238,243
11,239,21
11,240,53
11,241,26
11,242,41
11,243,123
11,244,63
11,245,47
11,246,17
11,247,6
11,248,118
11,249,112
11,250,53
11,251,94
11,252,209
11,253,47
11,254,4
11,255,7
11,256,2
11,258,31
11,259,91
11,260,1
11,261,485
11,262,2
11,264,33
11,265,14
11,267,10
11,268,122
11,269,56
11,270,22
11,271,35
11,272,33
11,273,15
11,274,23
11,278,371
11,279,16
11,280,66
11,281,7
11,282,12
11,283,53
11,284,54
11,285,12
11,286,2
11,287,115
11,288,27
11,289,45
11,290,10
11,291,57
11,292,12
11,293,205
11,294,26
11,295,46
11,296,2
11,297,36
11,298,1
11,299,9
11,300,37
11,301,164
11,302,166
11,305,85
11,307,6
11,308,176
11,309,11
11,310,39
11,311,97
11,312,25
11,313,201
11,314,84
11,315,9
11,317,26
11,318,10
11,319,63
11,320,28
11,321,234
11,322,23
11,323,112
11,324,8
11,325,8
11,326,112
11,327,25
11,329,44
11,330,55
11,331,226
11,332,56
11,333,20
11,335,81
11,336,3
11,337,14
11,338,40
11,339,1
11,340,254
11,341,146
11,343,35
11,344,19
11,345,43
11,346,119
11,347,20
11,348,61
11,349,14
11,350,23
11,351,234
11,352,3
11,353,56
11,355,17
11,356,315
11,357,122
11,358,167
11,359,21
11,361,106
11,362,15
11,364,295
11,365,6
11,366,25
11,367,20
11,368,18
11,369,119
11,370,241
11,371,14
11,372,99
11,373,85
11,374,3
11,375,26
11,376,23
11,378,7
11,379,37
11,380,2
11,381,33
11,382,129
11,383,2
12,0,24
12,1,5
12,2,22
12,3,70
12,4,2
12,5,11
12,6,22
12,7,31
12,8,20
12,9,21
12,10,2
12,11,78
12,12,24
12,13,36
12,14,83
12,15,29
12,16,10
12,17,104
12,18,1
12,19,65
12,20,104
12,21,25
12,22,32
12,23,62
12,24,86
12,25,297
12,26,44
12,27,10
12,28,152
12,29,48
12,30,6
12,31,208
12,32,74
12,33,24
12,34,23
12,35,43
12,36,7
12,37,32
12,38,175
12,39,4
12,40,3
12,41,72
12,42,103
12,43,34
12,44,22
12,45,26
12,46,314
12,48,27
12,49,107
12,50,58
12,51,311
12,53,231
12,54,218
12,55,1
12,57,11
12,58,20
12,59,40
12,60,15
12,61,264
12,62,88
12,63,39
12,64,22
12,65,208
12,66,45
12,67,104
12,68,23
12,69,358
12,71,101
12,72,59
12,73,101
12,74,71
12,76,53
12,77,125
12,79,210
12,80,6
12,81,25
12,82,29
12,83,114
12,84,59
12,85,100
12,86,21
12,87,12
12,88,67
12,89,23
12,90,34
12,91,46
12,92,7
12,93,59
12,94,298
12,95,178
12,96,89
12,97,22
12,98,19
12,99,14
12,100,37
12,101,2
12,102,103
12,103,76
12,104,72
12,105,82
12,106,17
12,108,9
12,109,186
12,110,208
12,111,1
12,112,58
12,114,140
12,116,10
12,117,31
12,118,1
12,119,22
12,120,288
12,121,1
12,122,29
12,124,70
12,125,9
12,126,29
12,127,127
12,128,30
12,130,19
12,131,17
12,132,2
12,133,46
12,135,91
12,136,1
12,137,58
12,138,69
12,139,64
12,140,6
12,141,87
12,142,23
12,144,279
12,145,77
12,146,154
12,147,92
12,148,54
12,149,36
12,150,313
12,151,239
12,152,46
12,153,212
12,154,198
12,155,316
12,156,81
12,157,18
12,158,35
12,159,237
12,160,28
12,162,10
12,163,27
12,164,2
12,165,25
12,166,2
12,167,32
12,168,99
12,169,83
12,170,5
12,171,6
12,172,7
12,173,397
12,174,64
12,175,32
12,176,222
12,178,55
12,179,18
12,180,46
12,181,5
12,182,3
12,184,17
12,185,9
12,186,58
12,187,5
12,188,30
12,189,67
12,190,27
12,191,47
12,193,3
12,194,87
12,195,15
12,196,160
12,197,87
12,198,13
12,200,3
12,201,43
12,202,49
12,203,5
12,205,8
12,206,76
12,207,36
12,208,78
12,209,9
12,210,41
12,211,2
12,212,4
12,213,42
12,214,114
12,215,53
12,216,14
12,217,11
12,218,41
12,219,119
12,220,69
12,221,113
12,222,1
12,223,18
12,224,38
12,225,47
12,227,94
12,228,67
12,229,104
12,230,9
12,231,20
12,233,40
12,234,113
12,235,737
12,236,6
12,237,2
12,238,23
12,239,22
12,241,36
12,242,80
12,243,13
12,244,16
12,245,27
12,246,4
12,247,24
12,248,34
12,249,6
12,250,261
12,252,2
12,253,28
12,254,134
12,256,95
12,257,185
12,258,40
12,259,18
12,260,3
12,261,59
12,262,24
12,264,69
12,265,11
12,266,2
12,267,12
12,268,11
12,270,99
12,271,89
12,272,4
12,273,98
12,274,66
12,275,47
12,276,8
12,277,83
12,278,32
12,279,2
12,280,9
12,281,80
12,282,12
12,283,32
12,285,93
12,286,239
12,287,1
12,288,151
12,289,200
12,290,41
12,291,48
12,292,178
12,293,61
12,294,16
12,295,26
12,296,9
12,297,15
12,298,22
12,299,588
12,300,155
12,301,1
12,302,2
12,303,16
12,304,62
12,305,81
12,306,80
12,307,2
12,308,32
12,309,313
12,310,38
12,311,110
12,312,235
12,313,168
12,314,5
12,315,26
12,316,90
12,317,29
12,318,24
12,319,15
12,320,35
12,321,28
12,322,2
12,323,23
12,324,11
12,325,13
12,326,31
12,328,2
12,329,6
12,330,96
12,331,55
12,332,14
12,333,26
12,334,3
12,335,4
12,336,21
12,337,63
12,338,168
12,339,4
12,340,35
12,341,83
12,342,38
12,343,57
12,344,374
12,345,78
12,346,171
12,347,145
12,349,16
12,350,14
12,352,14
12,353,34
12,354,263
12,355,6
12,356,1
12,357,263
12,360,118
12,361,70
12,362,1
12,363,42
12,364,1
12,365,28
12,367,15
12,369,313
12,370,4
12,371,205
12,372,1
12,373,149
12,377,6
12,378,325
12,379,9
12,380,7
12,381,8
12,382,22
12,383,52
13,0,42
13,1,7
13,2,10
13,3,298
13,4,162
13,5,1
13,6,76
13,7,79
13,8,69
13,9,70
13,10,9
13,11,22
13,12,26
13,13,128
13,14,25
13,15,391
13,16,16
13,18,40
13,19,54
13,20,71
13,21,20
13,22,43
13,23,30
13,24,22
13,25,9
13,26,53
13,28,14
13,29,133
13,31,37
13,32,109
13,33,15
13,34,26
13,36,259
13,38,99
13,39,166
13,40,69
13,41,94
13,42,120
13,43,4
13,44,215
13,45,14
13,46,24
13,48,38
13,50,5
13,51,81
13,52,34
13,53,93
13,54,66
13,56,11
13,57,108
13,58,1
13,59,22
13,62,38
13,63,102
13,64,76
13,65,43
13,66,35
13,67,3
13,68,22
13,69,2
13,70,24
13,71,106
13,72,19
13,73,26
13,74,31
13,75,32
13,76,5
13,77,39
13,78,100
13,79,8
13,80,317
13,81,37
13,82,36
13,83,38
13,84,43
13,85,41
13,86,71
13,88,31
13,89,72
13,90,95
13,91,27
13,92,63
13,94,139
13,95,93
13,96,212
13,97,17
13,100,24
13,101,79
13,102,159
13,103,21
13,104,79
13,105,114
13,106,29
13,107,15
13,108,4
13,109,54
13,110,37
13,111,7
13,113,71
13,114,53
13,115,18
13,116,163
13,117,21
13,119,167
13,120,43
13,121,75
13,122,1
13,123,154
13,124,177
13,125,65
13,126,53
13,127,28
13,128,60
13,129,22
13,131,86
13,132,53
13,133,15
13,134,1
13,135,225
13,136,22
13,137,18
13,138,229
13,139,140
13,140,182
13,141,267
13,142,2
13,143,8
13,144,20
13,145,20
13,146,1
13,147,13
13,148,15
13,150,2
13,151,36
13,152,121
13,153,34
13,154,17
13,155,3
13,156,15
13,157,1
13,158,94
13,159,125
13,160,97
13,161,447
13,162,51
13,163,72
13,164,44
13,165,2
13,166,13
13,167,61
13,168,37
13,169,17
13,170,132
13,171,91
13,172,86
13,173,50
13,174,4
13,176,10
13,177,82
13,178,218
13,179,33
13,180,22
13,181,1
13,184,43
13,185,50
13,187,101
13,188,27
13,189,34
13,190,215
13,191,45
13,192,6
13,193,21
13,195,40
13,196,11
13,197,6
13,199,179
13,200,281
13,201,82
13,202,23
13,203,26
13,204,57
13,205,6
13,206,22
13,207,45
13,208,137
13,209,11
13,210,44
13,212,100
13,213,78
13,214,178
13,215,391
13,216,14
13,217,23
13,218,94
13,219,126
13,220,294
13,221,177
13,222,165
13,223,13
13,224,14
13,225,31
13,226,1
13,227,2
13,228,34
13,229,22
13,230,22
13,231,9
13,232,77
13,233,21
13,234,49
13,235,199
13,236,12
13,237,286
13,238,22
13,239,33
13,240,56
13,241,7
13,242,47
13,243,6
13,244,102
13,245,76
13,246,71
13,247,95
13,248,51
13,249,60
13,250,73
13,253,25
13,255,36
13,256,65
13,257,78
13,258,30
13,259,31
13,260,1
13,261,104
13,263,4
13,264,35
13,265,100
13,266,46
13,267,144
13,268,362
13,269,33
13,271,374
13,272,9
13,273,20
13,274,110
13,276,14
13,277,3
13,278,29
13,279,22
13,281,36
13,282,142
13,283,66
13,284,24
13,285,35
13,286,1
13,287,88
13,288,36
13,289,3
13,291,111
13,292,2
13,293,23
13,294,27
13,295,221
13,296,155
13,297,38
13,298,49
13,299,216
13,300,91
13,302,69
13,303,3
13,304,35
13,305,41
13,306,64
13,309,175
13,310,71
13,311,64
13,312,160
13,313,29
13,314,56
13,315,32
13,316,344
13,317,234
13,318,27
13,319,87
13,320,15
13,321,51
13,322,11
13,323,33
13,324,150
13,325,2
13,326,30
13,327,26
13,328,21
13,329,301
13,330,4
13,331,10
13,332,35
13,333,10
13,334,37
13,335,151
13,336,1
13,337,24
13,338,113
13,339,305
13,340,3
13,341,143
13,343,6
13,344,46
13,345,38
13,346,36
13,347,34
13,348,56
13,349,145
13,351,83
13,352,5
13,353,26
13,354,134
13,355,37
13,356,91
13,357,125
13,358,21
13,359,29
13,360,627
13,362,37
13,363,20
13,364,78
13,365,90
13,366,2
13,367,19
13,368,41
13,369,3
13,370,12
13,371,93
13,372,96
13,373,9
13,374,3
13,375,263
13,376,25
13,377,6
13,378,7
13,379,37
13,380,71
13,382,6
13,383,87
14,0,47
14,1,62
14,2,35
14,3,10
14,4,30
14,5,209
14,6,134
14,7,119
14,8,20
14,9,120
14,10,86
14,12,53
14,13,82
14,15,103
14,16,59
14,17,4
14,18,36
14,19,25
14,20,41
14,21,228
14,22,68
14,23,138
14,24,7
14,25,62
14,27,47
14,28,6
14,29,26
14,30,24
14,31,106
14,32,28
14,33,58
14,34,248
14,35,43
14,36,53
14,37,1
14,38,49
14,39,115
14,40,75
14,41,52
14,44,74
14,45,75
14,47,1
14,48,112
14,50,52
14,51,62
14,52,43
14,53,46
14,54,478
14,55,24
14,56,182
14,57,59
14,58,64
14,59,25
14,60,37
14,61,67
14,62,2
14,63,28
14,65,416
14,66,10
14,68,19
14,69,10
14,70,205
14,71,49
14,72,118
14,73,35
14,74,78
14,75,2
14,76,35
14,77,37
14,78,10
14,79,69
14,80,4
14,81,2
14,82,9
14,83,67
14,84,51
14,85,23
14,86,84
14,87,181
14,88,47
14,89,86
14,90,68
14,91,29
14,92,21
14,93,78
14,94,77
14,95,58
14,96,207
14,97,240
14,98,105
14,99,66
14,100,53
14,101,201
14,102,48
14,103,40
14,104,133
14,105,287
14,106,60
14,107,155
14,108,30
14,109,7
14,110,25
14,111,42
14,112,890
14,113,4
14,114,26
14,115,161
14,116,10
14,117,56
14,118,11
14,119,76
14,121,62
14,123,13
14,124,102
14,125,104
14,127,98
14,128,97
14,129,19
14,130,70
14,132,156
14,133,32
14,134,64
14,135,7
14,136,16
14,137,26
14,138,32
14,139,67
14,140,234
14,141,60
14,142,22
14,143,22
14,144,21
14,145,27
14,146,15
14,147,22
14,148,127
14,149,38
14,150,5
14,151,55
14,152,14
14,153,143
14,155,165
14,156,35
14,157,90
14,158,90
14,159,15
14,160,90
14,161,49
14,162,7
14,163,8
14,164,17
14,168,59
14,169,4
14,170,113
14,171,76
14,173,13
14,174,68
14,175,65
14,177,70
14,178,29
14,179,67
14,180,45
14,182,36
14,183,130
14,184,59
14,185,125
14,186,301
14,188,123
14,189,11
14,190,10
14,191,39
14,192,38
14,193,40
14,194,47
14,195,29
14,196,47
14,197,80
14,198,14
14,199,41
14,200,79
14,201,21
14,202,60
14,203,183
14,204,30
14,205,1
14,206,24
14,207,5
14,208,56
14,209,55
14,210,27
14,211,12
14,212,123
14,214,1
14,215,38
14,216,34
14,217,58
14,218,52
14,219,149
14,220,99
14,221,1
14,222,85
14,223,35
14,225,22
14,226,52
14,227,17
14,230,58
14,231,1
14,232,2
14,233,12
14,234,177
14,235,143
14,236,28
14,237,83
14,238,15
14,239,19
14,241,36
14,242,30
14,243,3
14,244,23
14,245,30
14,246,46
14,247,39
14,248,643
14,249,19
14,250,2
14,251,5
14,252,64
14,253,64
14,254,10
14,255,10
14,256,41
14,257,64
14,260,63
14,261,1
14,262,6
14,263,9
14,264,81
14,265,973
14,266,94
14,267,7
14,268,47
14,269,44
14,270,53
14,271,56
14,272,133
14,273,33
14,275,3
14,276,248
14,277,1
14,278,24
14,279,45
14,280,137
14,281,56
14,282,82
14,283,60
14,284,6
14,285,31
14,286,43
14,287,10
14,288,3
14,289,33
14,290,260
14,291,76
14,292,92
14,293,57
14,294,69
14,295,53
14,296,26
14,297,29
14,299,93
14,300,6
14,301,2
14,302,21
14,303,31
14,305,121
14,306,6
14,307,111
14,308,102
14,309,62
14,311,53
14,312,4
14,313,216
14,314,4
14,316,58
14,317,58
14,318,86
14,319,6
14,320,242
14,321,38
14,322,7
14,323,41
14,324,102
14,325,104
14,326,45
14,327,56
14,328,1
14,329,39
14,330,1
14,331,2
14,332,460
14,335,19
14,336,137
14,337,134
14,338,133
14,339,22
14,340,39
14,341,1
14,342,44
14,343,183
14,344,17
14,345,92
14,347,23
14,348,158
14,349,48
14,350,3
14,351,32
14,352,326
14,353,21
14,354,9
14,355,45
14,356,54
14,357,78
14,358,22
14,359,97
14,360,1
14,361,7
14,362,105
14,363,19
14,364,37
14,366,5
14,367,144
14,368,1
14,369,50
14,371,76
14,372,58
14,373,38
14,374,3
14,375,31
14,376,34
14,378,92
14,380,54
14,381,27
14,382,86
14,383,15
15,1,33
15,2,51
15,3,34
15,4,10
15,5,95
15,6,71
15,7,15
15,8,8
15,11,81
15,13,1021
15,14,43
15,15,6
15,16,31
15,17,25
15,18,38
15,19,49
15,20,34
15,21,142
15,22,101
15,23,97
15,24,42
15,25,75
15,26,18
15,27,35
15,28,167
15,29,30
15,31,32
15,32,39
15,33,2
15,34,68
15,35,128
15,36,151
15,37,43
15,38,75
15,39,2
15,40,49
15,41,80
15,42,54
15,43,37
15,45,27
15,47,14
15,48,64
15,49,6
15,50,29
15,51,19
15,52,17
15,53,100
15,54,16
15,55,13
15,56,13
15,57,129
15,58,367
15,59,113
15,60,100
15,62,89
15,63,10
15,64,288
15,66,20
15,67,33
15,68,17
15,69,4
15,70,41
15,71,8
15,72,610
15,73,66
15,74,130
15,75,2
15,76,106
15,77,6
15,78,61
15,79,171
15,80,82
15,81,8
15,82,4
15,84,75
15,85,29
15,87,48
15,88,9
15,89,74
15,90,32
15,92,125
15,93,267
15,94,64
15,95,28
15,96,2
15,97,262
15,98,66
15,99,24
15,100,63
15,101,60
15,102,32
15,103,25
15,104,33
15,105,52
15,106,5
15,107,29
15,108,58
15,109,2
15,110,90
15,111,15
15,112,20
15,113,10
15,114,22
15,115,73
15,116,83
15,117,3
15,118,3
15,119,11
15,120,52
15,122,28
15,123,17
15,124,12
15,125,27
15,126,39
15,127,22
15,128,76
15,129,37
15,130,85
15,131,7
15,132,65
15,133,316
15,134,30
15,135,76
15,136,19
15,138,37
15,139,423
15,140,164
15,141,37
15,142,9
15,143,62
15,144,147
15,145,2
15,146,8
15,147,16
15,148,29
15,149,12
15,151,21
15,152,67
15,153,58
15,154,53
15,155,14
15,156,11
15,157,32
15,159,82
15,160,12
15,161,38
15,162,16
15,163,1
15,164,29
15,165,16
15,166,85
15,167,19
15,168,8
15,169,53
15,170,18
15,171,2
15,172,59
15,173,11
15,174,21
15,175,4
15,176,23
15,178,183
15,180,159
15,181,102
15,183,14
15,184,5
15,185,13
15,186,217
15,187,59
15,188,25
15,189,10
15,190,46
15,191,1
15,192,66
15,193,53
15,194,68
15,195,55
15,197,42
15,198,793
15,199,7
15,200,26
15,201,50
15,202,9
15,203,16
15,204,68
15,206,156
15,207,114
15,209,109
15,210,165
15,211,7
15,212,34
15,213,325
15,214,466
15,215,109
15,216,1
15,217,90
15,218,2
15,219,40
15,220,43
15,221,55
15,222,4
15,223,46
15,224,32
15,225,7
15,226,3
15,227,87
15,229,36
15,230,19
15,231,95
15,232,31
15,233,47
15,234,51
15,235,74
15,236,56
15,237,40
15,238,46
15,239,64
15,240,80
15,241,11
15,242,55
15,243,251
15,244,7
15,246,83
15,247,25
15,248,23
15,249,6
15,251,132
15,252,68
15,253,67
15,254,238
15,255,75
15,256,63
15,257,21
15,258,32
15,259,47
15,260,11
15,261,4
15,262,36
15,263,5
15,264,121
15,267,60
15,269,33
15,270,2
15,271,88
15,272,11
15,273,5
15,274,4
15,275,76
15,276,142
15,277,51
15,279,27
15,280,25
15,281,66
15,282,5
15,283,234
15,284,41
15,286,8
15,287,4
15,288,232
15,289,17
15,290,4
15,291,124
15,292,10
15,293,38
15,294,245
15,295,33
15,296,25
15,297,43
15,298,2
15,299,22
15,300,5
15,301,2
15,302,4
15,304,6
15,305,109
15,306,39
15,307,139
15,308,192
15,309,12
15,310,29
15,311,27
15,313,11
15,314,97
15,316,69
15,317,21
15,318,519
15,319,23
15,320,127
15,321,25
15,322,83
15,323,32
15,324,200
15,325,31
15,326,103
15,327,12
15,328,101
15,329,17
15,330,46
15,331,16
15,332,57
15,333,2
15,334,14
15,335,20
15,336,21
15,337,171
15,339,55
15,340,37
15,341,5
15,342,44
15,343,18
15,344,33
15,346,8
15,347,79
15,348,42
15,349,48
15,350,15
15,351,74
15,352,19
15,354,29
15,355,56
15,356,138
15,357,24
15,358,7
15,359,41
15,361,109
15,362,26
15,363,130
15,364,12
15,365,97
15,366,188
15,367,124
15,369,12
15,370,639
15,371,37
15,372,44
15,374,82
15,375,28
15,376,50
15,377,64
15,378,68
15,379,220
15,380,37
15,381,90
15,382,26
15,383,782
16,0,317
16,1,153
16,2,184
16,3,4
16,4,52
16,5,4
16,6,103
16,7,11
16,8,17
16,9,2
16,11,35
16,12,181
16,13,11
16,14,68
16,16,78
16,17,4
16,18,46
16,19,87
16,20,126
16,21,31
16,22,31
16,23,13
16,24,6
16,25,62
16,26,12
16,27,10
16,28,42
16,29,17
16,30,37
16,31,116
16,32,7
16,33,182
16,34,17
16,35,107
16,37,37
16,38,51
16,39,93
16,40,33
16,41,32
16,42,20
16,43,3
16,44,110
16,45,73
16,46,71
16,47,82
16,48,2
16,49,2
16,50,6
16,51,2
16,52,183
16,53,243
16,54,94
16,55,44
16,56,1
16,57,12
16,58,123
16,59,1
16,60,273
16,61,44
16,62,62
16,63,364
16,64,195
16,65,27
16,66,57
16,67,7
16,68,84
16,69,5
16,70,9
16,71,49
16,72,484
16,73,114
16,74,293
16,75,189
16,76,73
16,77,36
16,78,19
16,79,37
16,80,26
16,81,6
16,82,21
16,83,30
16,84,227
16,85,9
16,86,40
16,87,23
16,88,85
16,90,3
16,91,36
16,92,7
16,93,120
16,94,88
16,95,76
16,96,27
16,97,158
16,98,55
16,99,444
16,102,26
16,103,61
16,104,287
16,105,43
16,106,77
16,107,45
16,108,1
16,109,23
16,110,58
16,111,7
16,112,4
16,113,12
16,114,156
16,116,70
16,118,16
16,119,27
16,120,9
16,122,73
16,123,37
16,124,42
16,125,96
16,126,104
16,127,4
16,128,42
16,129,27
16,130,40
16,132,3
16,134,80
16,135,76
16,136,14
16,137,52
16,138,24
16,139,12
16,140,83
16,141,61
16,142,81
16,143,141
16,144,81
16,145,45
16,146,45
16,147,73
16,148,8
16,149,79
16,150,136
16,151,5
16,152,43
16,153,16
16,154,34
16,155,26
16,158,46
16,159,167
16,160,13
16,161,36
16,162,11
16,163,53
16,164,111
16,165,90
16,166,35
16,167,9
16,168,43
16,169,6
16,170,53
16,171,15
16,173,6
16,174,20
16,175,11
16,176,39
16,177,94
16,178,53
16,179,30
16,180,24
16,181,87
16,182,53
16,183,220
16,184,64
16,185,35
16,186,1
16,187,24
16,188,52
16,191,19
16,192,191
16,193,132
16,194,104
16,195,16
16,196,16
16,197,94
16,198,15
16,199,16
16,200,13
16,201,6
16,202,40
16,204,88
16,205,20
16,206,36
16,207,34
16,208,6
16,209,294
16,210,8
16,211,20
16,212,1
16,213,5
16,214,92
16,215,174
16,216,43
16,217,157
16,218,251
16,219,194
16,220,34
16,221,55
16,222,50
16,223,16
16,224,96
16,225,37
16,226,409
16,228,27
16,229,42
16,230,223
16,231,96
16,232,96
16,233,137
16,234,35
16,235,4
16,236,60
16,237,6
16,238,14
16,239,23
16,240,13
16,241,445
16,242,9
16,243,52
16,244,187
16,246,195
16,247,56
16,249,11
16,250,1
16,251,62
16,252,35
16,253,10
16,254,81
16,255,66
16,256,64
16,257,11
16,258,4
16,259,70
16,260,276
16,261,20
16,262,72
16,263,105
16,264,172
16,265,116
16,266,24
16,267,11
16,268,83
16,270,17
16,271,40
16,272,47
16,273,17
16,274,67
16,275,23
16,276,19
16,277,66
16,278,21
16,279,38
16,280,3
16,282,31
16,283,28
16,284,96
16,285,32
16,286,84
16,287,4
16,288,118
16,289,120
16,290,68
16,291,62
16,292,22
16,293,82
16,294,13
16,295,1
16,297,34
16,298,67
16,299,168
16,300,91
16,301,72
16,302,174
16,303,41
16,304,1
16,305,176
16,306,45
16,307,18
16,308,7
16,309,15
16,310,34
16,311,39
16,312,50
16,313,12
16,314,203
16,315,55
16,316,97
16,317,55
16,318,34
16,319,86
16,320,165
16,321,1
16,322,24
16,323,23
16,324,245
16,325,107
16,326,17
16,327,15
16,328,19
16,329,44
16,330,18
16,331,67
16,332,142
16,333,121
16,335,1
16,336,31
16,337,245
16,338,69
16,339,7
16,340,1
16,341,137
16,342,23
16,344,26
16,345,37
16,346,75
16,348,67
16,349,29
16,350,109
16,351,41
16,352,44
16,353,29
16,354,1
16,355,48
16,356,71
16,357,83
16,358,13
16,359,93
16,360,60
16,361,96
16,363,2
16,364,211
16,365,169
16,367,22
16,368,15
16,370,9
16,371,69
16,372,34
16,373,21
16,374,41
16,375,3
16,376,1
16,377,59
16,378,265
16,379,247
16,380,67
16,381,254
16,382,51
16,383,22
17,0,83
17,1,80
17,2,1
17,3,25
17,4,33
17,5,46
17,6,3
17,7,15
17,8,460
17,9,106
17,10,34
17,11,7
17,12,400
17,13,46
17,14,21
17,16,1
17,17,4
17,18,165
17,19,2
17,20,58
17,21,24
17,22,13
17,23,11
17,24,1
17,25,76
17,26,145
17,27,108
17,28,60
17,29,22
17,30,14
17,31,78
17,32,24
17,33,1
17,34,56
17,35,78
17,36,82
17,38,7
17,39,62
17,40,22
17,41,204
17,44,147
17,45,78
17,46,41
17,47,69
17,48,107
17,49,1
17,50,131
17,51,81
17,54,71
17,55,13
17,56,288
17,57,27
17,58,238
17,59,39
17,60,280
17,62,79
17,63,37
17,64,51
17,65,211
17,66,57
17,67,1
17,68,25
17,69,40
17,70,24
17,71,7
17,72,1
17,73,26
17,74,35
17,75,62
17,76,59
17,77,72
17,78,2
17,79,21
17,80,3
17,81,10
17,82,124
17,83,62
17,84,84
17,85,18
17,86,1
17,87,20
17,88,11
17,89,348
17,90,19
17,91,96
17,92,26
17,93,47
17,94,33
17,95,72
17,96,44
17,97,50
17,98,17
17,99,208
17,100,23
17,101,30
17,102,87
17,103,2
17,104,55
17,105,40
17,106,22
17,107,59
17,108,45
17,109,11
17,110,24
17,112,58
17,113,67
17,114,7
17,115,122
17,116,4
17,117,15
17,118,115
17,119,3
17,121,1
17,122,119
17,123,61
17,124,74
17,125,2
17,126,231
17,128,39
17,129,68
17,130,57
17,131,160
17,132,88
17,133,24
17,134,26
17,135,94
17,136,33
17,137,19
17,138,78
17,139,24
17,140,19
17,141,20
17,142,32
17,143,125
17,145,46
17,146,110
17,147,71
17,148,6
17,149,34
17,150,224
17,151,2
17,152,41
17,154,22
17,155,2
17,156,34
17,157,54
17,158,85
17,159,32
17,160,89
17,161,12
17,162,32
17,163,24
17,164,218
17,165,96
17,166,137
17,167,22
17,168,26
17,169,20
17,170,46
17,171,68
17,172,146
17,173,145
17,174,38
17,175,81
17,176,44
17,177,48
17,178,80
17,179,30
17,180,32
17,182,139
17,183,68
17,184,177
17,185,24
17,186,33
17,187,48
17,188,185
17,189,1
17,190,50
17,191,1
17,192,166
17,193,113
17,194,32
17,195,29
17,196,58
17,197,2
17,198,78
17,199,117
17,200,33
17,201,40
17,202,33
17,203,12
17,204,10
17,205,126
17,206,136
17,207,84
17,208,223
17,209,86
17,210,13
17,211,32
17,212,58
17,213,249
17,214,12
17,215,64
17,216,63
17,217,28
17,218,441
17,219,51
17,220,222
17,221,217
17,222,20
17,223,187
17,224,29
17,225,33
17,226,15
17,227,3
17,230,31
17,231,134
17,232,45
17,233,37
17,234,71
17,235,34
17,236,115
17,237,29
17,238,169
17,239,48
17,240,314
17,241,74
17,242,11
17,243,13
17,244,24
17,245,9
17,246,40
17,247,19
17,248,16
17,250,1
17,251,58
17,253,22
17,254,12
17,255,35
17,256,151
17,257,122
17,258,15
17,259,240
17,260,23
17,261,86
17,262,25
17,263,57
17,264,53
17,265,55
17,266,21
17,267,79
17,268,24
17,269,378
17,270,189
17,271,117
17,273,1
17,274,227
17,275,75
17,276,3
17,277,84
17,278,5
17,279,42
17,280,69
17,281,3
17,282,235
17,283,24
17,284,420
17,285,82
17,286,4
17,287,32
17,288,68
17,289,2
17,290,78
17,291,32
17,293,100
17,294,59
17,296,11
17,297,20
17,298,15
17,299,67
17,300,17
17,301,12
17,302,11
17,303,16
17,304,14
17,305,49
17,306,29
17,307,30
17,308,357
17,309,34
17,310,87
17,311,2
17,312,51
17,313,43
17,314,104
17,315,180
17,316,171
17,317,207
17,318,29
17,319,12
17,320,2
17,321,13
17,322,82
17,323,43
17,324,253
17,325,5
17,326,1
17,327,1
17,328,116
17,329,56
17,330,51
17,331,28
17,332,1
17,333,82
17,334,56
17,335,167
17,336,66
17,337,48
17,338,1
17,339,38
17,340,3
17,344,55
17,346,22
17,347,46
17,348,4
17,349,22
17,350,225
17,352,226
17,353,30
17,354,131
17,355,1
17,356,18
17,357,3
17,358,3
17,359,27
17,360,104
17,361,32
17,362,54
17,363,36
17,364,37
17,365,15
17,366,44
17,367,110
17,368,38
17,369,31
17,371,7
17,372,39
17,373,25
17,374,2
17,375,194
17,376,48
17,377,38
17,378,20
17,379,10
17,380,205
17,381,42
17,382,110
17,383,5
18,0,1
18,1,49
18,2,132
18,3,219
18,4,6
18,5,79
18,6,154
18,7,21
18,8,26
18,9,88
18,10,19
18,11,33
18,12,55
18,14,105
18,15,62
18,16,13
18,17,81
18,18,15
18,19,20
18,20,53
18,21,22
18,22,29
18,24,21
18,25,2
18,26,1
18,27,6
18,28,252
18,29,98
18,30,2
18,31,11
18,32,3
18,33,2
18,34,18
18,35,20
18,36,58
18,38,39
18,40,18
18,41,44
18,42,4
18,43,69
18,44,2
18,45,3
18,46,308
18,47,26
18,48,21
18,49,2
18,50,13
18,52,1
18,53,1
18,54,132
18,55,29
18,56,16
18,57,53
18,59,320
18,61,73
18,63,16
18,65,8
18,66,4
18,67,47
18,68,3
18,69,38
18,70,41
18,71,3
18,72,105
18,73,34
18,74,25
18,75,253
18,76,35
18,77,13
18,78,5
18,79,40
18,80,33
18,81,82
18,83,20
18,84,108
18,85,61
18,86,1
18,87,182
18,88,81
18,90,4
18,91,80
18,92,1
18,93,20
18,94,1
18,95,59
18,96,1
18,97,358
18,98,73
18,99,143
18,100,25
18,101,43
18,103,7
18,104,22
18,105,25
18,106,39
18,107,29
18,108,68
18,109,140
18,110,3
18,111,78
18,112,14
18,113,7
18,114,193
18,115,28
18,116,11
18,117,11
18,118,203
18,119,39
18,120,85
18,121,3
18,123,106
18,124,33
18,125,1522
18,126,17
18,127,132
18,128,34
18,129,8
18,130,9
18,131,77
18,132,29
18,133,49
18,135,9
18,136,152
18,137,80
18,138,4
18,139,97
18,140,122
18,141,17
18,142,370
18,143,21
18,144,36
18,145,1
18,146,15
18,148,20
18,149,151
18,150,5
18,151,18
18,152,281
18,153,166
18,154,9
18,155,26
18,156,3
18,157,43
18,158,5
18,159,1
18,160,2
18,161,128
18,162,2
18,163,8
18,164,17
18,165,31
18,166,46
18,168,696
18,170,16
18,171,20
18,172,2
18,173,8
18,174,193
18,175,5
18,176,13
18,177,134
18,179,29
18,180,337
18,181,8
18,182,23
18,183,21
18,184,228
18,185,4
18,186,2
18,189,61
18,190,195
18,192,33
18,193,54
18,194,132
18,195,47
18,196,1
18,197,29
18,198,21
18,199,68
18,200,13
18,201,94
18,202,14
18,203,22
18,204,6
18,205,21
18,206,100
18,207,10
18,208,63
18,212,54
18,213,43
18,215,25
18,216,102
18,217,66
18,218,64
18,219,21
18,220,40
18,221,57
18,222,55
18,223,63
18,225,127
18,226,408
18,227,106
18,228,10
18,229,246
18,230,13
18,231,12
18,232,257
18,233,21
18,234,1
18,235,1
18,236,45
18,237,14
18,238,5
18,239,431
18,240,17
18,241,51
18,242,3
18,244,18
18,245,42
18,247,50
18,249,41
18,250,35
18,251,8
18,252,129
18,253,43
18,254,140
18,255,265
18,256,28
18,258,20
18,259,10
18,260,194
18,261,49
18,262,140
18,263,32
18,264,15
18,265,127
18,267,8
18,268,61
18,269,9
18,270,111
18,271,17
18,272,53
18,273,114
18,274,121
18,275,58
18,277,59
18,278,46
18,279,2
18,280,22
18,281,146
18,282,203
18,283,27
18,285,40
18,286,5
18,287,45
18,288,50
18,289,55
18,291,1
18,292,91
18,293,195
18,294,7
18,295,30
18,296,506
18,297,49
18,298,23
18,299,51
18,300,9
18,301,17
18,302,916
18,303,13
18,305,96
18,306,96
18,307,64
18,308,89
18,309,10
18,310,194
18,311,205
18,312,18
18,313,22
18,314,39
18,315,44
18,316,32
18,317,304
18,318,40
18,319,1
18,320,105
18,321,42
18,322,31
18,323,38
18,325,4
18,326,24
18,328,3
18,329,15
18,330,41
18,331,42
18,332,37
18,333,19
18,334,1
18,335,32
18,336,11
18,337,41
18,339,10
18,340,2
18,343,48
18,344,59
18,345,9
18,346,33
18,347,44
18,348,114
18,349,60
18,350,361
18,351,446
18,352,13
18,353,17
18,354,165
18,355,137
18,357,163
18,358,3
18,359,18
18,360,4
18,361,73
18,362,103
18,363,1
18,364,18
18,365,58
18,366,39
18,367,8
18,368,34
18,370,30
18,371,16
18,373,112
18,374,67
18,375,33
18,376,137
18,377,18
18,379,8
18,380,155
18,381,46
18,382,37
18,383,25
19,0,113
19,1,190
19,2,16
19,3,70
19,4,11
19,5,9
19,6,27
19,8,32
19,9,29
19,11,34
19,12,255
19,13,409
19,14,736
19,15,14
19,16,6
19,17,46
19,18,41
19,19,51
19,20,50
19,21,27
19,22,52
19,23,515
19,24,68
19,25,46
19,27,349
19,28,18
19,29,74
19,30,30
19,31,13
19,32,6
19,33,37
19,34,72
19,35,1
19,36,647
19,37,39
19,38,7
19,39,62
19,42,47
19,43,19
19,44,14
19,45,511
19,46,16
19,47,181
19,48,9
19,49,105
19,50,148
19,51,18
19,52,68
19,53,33
19,54,22
19,55,55
19,56,30
19,58,120
19,60,11
19,61,39
19,62,120
19,63,131
19,64,29
19,65,8
19,66,91
19,67,2
19,68,30
19,69,2
19,70,54
19,71,104
19,72,570
19,73,52
19,74,94
19,75,8
19,76,146
19,77,44
19,79,11
19,80,1
19,81,19
19,82,161
19,83,21
19,84,61
19,85,43
19,87,15
19,88,379
19,89,14
19,90,19
19,91,10
19,92,122
19,93,54
19,94,9
19,95,23
19,96,1
19,97,170
19,98,15
19,99,226
19,100,40
19,101,41
19,102,65
19,103,1
19,104,20
19,106,49
19,107,279
19,109,151
19,110,18
19,111,37
19,112,164
19,113,26
19,114,92
19,115,11
19,116,49
19,117,15
19,118,48
19,119,14
19,120,225
19,123,91
19,125,15
19,126,16
19,127,10
19,128,3
19,130,14
19,131,30
19,132,13
19,134,103
19,135,91
19,136,12
19,137,81
19,138,364
19,139,330
19,140,43
19,141,84
19,143,48
19,144,38
19,145,170
19,146,63
19,147,205
19,148,35
19,149,1
19,150,7
19,151,21
19,152,66
19,153,48
19,154,29
19,156,50
19,157,88
19,158,22
19,159,1
19,160,299
19,161,129
19,162,3
19,163,2
19,164,185
19,165,26
19,167,159
19,168,6
19,169,229
19,170,23
19,171,3
19,172,66
19,173,42
19,174,186
19,175,1
19,176,32
19,177,31
19,178,69
19,180,1
19,181,77
19,182,10
19,183,1
19,184,46
19,185,196
19,186,4
19,187,5
19,189,5
19,190,39
19,191,66
19,192,41
19,193,32
19,194,15
19,195,10
19,198,34
19,199,52
19,200,2
19,201,108
19,203,609
19,204,37
19,205,142
19,206,58
19,207,1
19,208,40
19,209,79
19,210,1
19,211,82
19,212,42
19,213,79
19,214,105
19,215,1
19,216,17
19,217,108
19,218,2
19,219,88
19,220,15
19,221,170
19,222,21
19,224,17
19,225,7
19,226,16
19,227,27
19,228,27
19,229,55
19,230,3
19,231,38
19,232,41
19,233,31
19,234,19
19,235,82
19,236,60
19,237,399
19,238,28
19,239,11
19,240,50
19,241,7
19,242,7
19,243,15
19,244,77
19,245,63
19,246,48
19,247,99
19,248,15
19,249,1
19,250,20
19,251,36
19,252,3
19,253,14
19,254,30
19,255,52
19,256,199
19,257,29
19,258,2
19,260,55
19,261,26
19,262,27
19,263,26
19,265,183
19,266,155
19,268,18
19,269,47
19,270,48
19,271,3
19,272,51
19,273,282
19,274,60
19,275,97
19,276,54
19,277,11
19,278,6
19,279,41
19,280,18
19,281,60
19,282,11
19,283,34
19,285,71
19,286,38
19,287,38
19,288,37
19,289,53
19,290,57
19,291,15
19,292,74
19,293,3
19,294,82
19,295,20
19,297,21
19,298,6
19,299,46
19,300,25
19,301,9
19,302,31
19,303,72
19,304,6
19,305,17
19,306,107
19,308,313
19,310,28
19,311,13
19,312,3
19,313,126
19,314,12
19,315,75
19,316,147
19,317,16
19,318,1
19,319,142
19,320,51
19,321,104
19,322,8
19,323,35
19,324,87
19,325,130
19,326,1
19,328,36
19,329,47
19,330,19
19,331,12
19,332,9
19,333,59
19,334,1
19,335,180
19,336,14
19,337,39
19,338,10
19,339,22
19,340,2
19,342,27
19,343,71
19,345,29
19,346,437
19,347,109
19,349,8
19,350,152
19,351,4
19,352,296
19,353,96
19,355,21
19,356,1
19,357,156
19,358,7
19,360,80
19,361,36
19,362,30
19,363,41
19,364,1
19,365,20
19,366,24
19,367,36
19,368,132
19,369,19
19,371,70
19,372,81
19,373,37
19,374,129
19,375,1
19,376,105
19,377,190
19,379,21
19,380,27
19,382,2
19,383,11
20,0,36
20,1,31
20,2,1
20,3,2
20,5,57
20,6,33
20,7,49
20,8,50
20,9,102
20,10,293
20,11,127
20,12,33
20,14,29
20,15,9
20,18,43
20,19,47
20,20,92
20,21,42
20,22,13
20,23,69
20,24,73
20,25,8
20,26,13
20,27,298
20,28,8
20,30,102
20,31,165
20,32,177
20,33,66
20,34,4
20,35,74
20,36,61
20,37,24
20,38,11
20,39,134
20,40,36
20,41,42
20,42,42
20,43,65
20,44,317
20,45,32
20,46,6
20,47,271
20,48,30
20,49,364
20,50,3
20,51,15
20,52,17
20,53,40
20,55,3
20,57,1
20,58,11
20,59,24
20,60,55
20,61,61
20,62,212
20,64,36
20,65,48
20,67,55
20,68,104
20,69,7
20,70,29
20,71,77
20,72,36
20,73,46
20,74,10
20,75,36
20,76,1
20,77,2
20,78,171
20,79,13
20,80,136
20,81,7
20,82,33
20,83,35
20,84,39
20,85,327
20,86,74
20,87,68
20,88,134
20,89,10
20,90,18
20,91,94
20,92,137
20,93,4
20,94,34
20,95,20
20,96,1
20,97,3
20,98,319
20,99,13
20,100,15
20,101,51
20,102,1
20,103,6
20,104,257
20,106,93
20,107,69
20,109,17
20,110,49
20,111,19
20,113,3
20,114,50
20,115,56
20,116,9
20,117,55
20,118,78
20,119,76
20,120,42
20,121,44
20,122,39
20,123,227
20,124,4
20,125,32
20,127,34
20,128,14
20,129,147
20,130,163
20,131,3
20,132,27
20,133,95
20,134,288
20,135,21
20,136,3
20,137,32
20,138,9
20,139,53
20,140,38
20,141,33
20,143,21
20,144,1
20,145,10
20,146,28
20,147,1
20,148,33
20,149,120
20,150,289
20,151,343
20,152,60
20,153,24
20,154,5
20,155,154
20,156,9
20,157,44
20,158,36
20,159,20
20,160,2
20,161,40
20,162,107
20,163,36
20,164,95
20,165,55
20,166,563
20,167,422
20,169,15
20,170,140
20,171,10
20,172,29
20,173,156
20,174,117
20,175,1
20,176,59
20,179,53
20,180,2
20,181,140
20,182,25
20,183,88
20,184,4
20,185,54
20,186,46
20,187,39
20,188,20
20,189,56
20,190,52
20,191,134
20,192,98
20,193,120
20,194,42
20,195,189
20,196,4
20,197,18
20,198,5
20,201,70
20,202,9
20,203,33
20,204,97
20,205,49
20,206,150
20,207,5
20,208,36
20,209,91
20,210,9
20,211,7
20,212,17
20,213,263
20,214,12
20,215,49
20,216,185
20,217,66
20,218,66
20,219,24
20,220,50
20,222,20
20,223,3
20,224,18
20,225,114
20,226,108
20,227,117
20,228,235
20,229,323
20,230,39
20,232,2
20,233,103
20,234,10
20,235,73
20,236,45
20,237,16
20,238,210
20,239,230
20,240,17
20,241,10
20,242,34
20,243,5
20,244,37
20,245,19
20,246,104
20,247,36
20,248,7
20,249,152
20,250,4
20,252,55
20,253,32
20,254,22
20,255,15
20,256,2
20,257,79
20,258,66
20,259,7
20,260,24
20,261,72
20,263,85
20,264,68
20,265,48
20,266,8
20,267,24
20,268,16
20,269,10
20,270,42
20,271,4
20,272,272
20,273,8
20,274,25
20,275,42
20,276,31
20,277,15
20,278,8
20,279,44
20,280,33
20,281,4
20,282,28
20,283,7
20,284,20
20,285,6
20,286,52
20,287,30
20,288,71
20,289,64
20,290,217
20,291,162
20,292,231
20,293,27
20,294,15
20,295,81
20,296,124
20,297,5
20,298,93
20,299,254
20,300,100
20,301,393
20,302,42
20,303,78
20,304,4
20,305,10
20,306,38
20,308,15
20,309,55
20,310,90
20,311,50
20,312,11
20,313,129
20,314,208
20,315,52
20,316,54
20,317,151
20,318,19
20,319,34
20,320,18
20,321,39
20,322,30
20,324,48
20,325,2
20,326,55
20,327,41
20,328,1
20,329,12
20,330,97
20,331,15
20,332,54
20,333,195
20,334,9
20,335,116
20,336,22
20,337,13
20,338,69
20,340,15
20,341,21
20,342,21
20,343,21
20,344,278
20,345,37
20,346,14
20,347,33
20,348,37
20,349,4
20,350,57
20,351,4
20,352,6
20,354,37
20,355,27
20,356,15
20,357,10
20,358,2
20,360,253
20,361,200
20,362,96
20,363,24
20,364,251
20,365,45
20,366,31
20,367,9
20,368,20
20,369,284
20,370,67
20,371,19
20,372,77
20,373,182
20,374,119
20,376,134
20,377,47
20,378,109
20,379,55
20,380,1
20,381,4
20,382,245
20,383,1
21,0,4
21,1,52
21,3,56
21,4,5
21,5,78
21,7,164
21,8,77
21,9,2
21,10,1
21,11,177
21,12,60
21,13,45
21,14,50
21,16,697
21,17,218
21,18,23
21,19,127
21,20,121
21,21,72
21,22,98
21,23,39
21,24,6
21,25,9
21,26,40
21,28,30
21,29,38
21,30,1
21,31,29
21,32,18
21,33,28
21,34,24
21,35,1
21,36,17
21,37,8
21,39,20
21,40,85
21,41,9
21,42,52
21,43,20
21,45,16
21,47,34
21,48,6
21,49,17
21,50,24
21,51,18
21,52,16
21,53,25
21,54,14
21,55,40
21,56,75
21,57,12
21,58,94
21,59,15
21,60,14
21,61,11
21,62,109
21,63,21
21,64,136
21,65,7
21,66,59
21,67,201
21,68,140
21,70,7
21,71,6
21,72,17
21,73,67
21,74,8
21,75,38
21,76,137
21,77,80
21,78,2
21,79,40
21,80,68
21,81,39
21,82,89
21,83,133
21,84,26
21,85,52
21,86,72
21,87,192
21,88,41
21,90,34
21,91,12
21,92,276
21,93,46
21,94,200
21,95,85
21,96,15
21,97,49
21,98,19
21,101,601
21,102,21
21,103,84
21,104,11
21,105,57
21,107,141
21,108,37
21,109,20
21,110,56
21,111,59
21,112,85
21,114,2
21,115,296
21,116,286
21,117,96
21,119,35
21,120,59
21,121,32
21,122,15
21,123,94
21,124,112
21,125,9
21,126,46
21,127,28
21,128,57
21,130,83
21,131,113
21,132,556
21,133,94
21,134,24
21,135,37
21,136,67
21,137,14
21,138,2
21,139,27
21,140,83
21,141,6
21,142,35
21,143,5
21,144,64
21,145,20
21,146,188
21,147,118
21,148,78
21,149,64
21,150,77
21,151,32
21,152,21
21,153,13
21,154,10
21,155,104
21,156,1
21,158,27
21,159,58
21,160,18
21,161,9
21,162,32
21,163,15
21,164,64
21,165,373
21,166,85
21,167,162
21,168,36
21,169,541
21,170,113
21,171,12
21,172,80
21,173,7
21,174,1
21,175,1
21,176,67
21,177,25
21,178,34
21,179,8
21,180,181
21,181,20
21,182,38
21,183,9
21,184,145
21,185,224
21,186,302
21,187,123
21,188,38
21,189,120
21,190,19
21,191,131
21,192,60
21,193,58
21,194,18
21,195,36
21,196,226
21,198,36
21,199,2
21,200,31
21,201,25
21,203,66
21,204,79
21,205,84
21,206,51
21,207,1
21,208,51
21,210,5
21,211,52
21,212,3
21,213,95
21,214,67
21,215,24
21,216,149
21,217,25
21,218,243
21,220,124
21,221,89
21,222,64
21,223,3
21,224,79
21,225,46
21,226,12
21,227,85
21,228,200
21,229,317
21,230,142
21,231,5
21,232,39
21,234,247
21,235,130
21,236,150
21,238,21
21,239,81
21,240,89
21,241,42
21,242,48
21,243,6
21,244,32
21,246,14
21,247,3
21,248,7
21,249,14
21,250,176
21,251,3
21,252,95
21,253,27
21,254,41
21,255,1
21,256,1
21,257,7
21,258,4
21,259,92
21,260,21
21,261,6
21,262,1
21,263,48
21,264,2
21,265,89
21,266,48
21,267,20
21,268,63
21,269,92
21,270,5
21,271,1
21,272,74
21,273,78
21,274,40
21,275,53
21,276,61
21,277,58
21,278,216
21,279,96
21,280,33
21,281,13
21,283,42
21,284,251
21,285,14
21,286,73
21,287,34
21,288,70
21,289,67
21,290,14
21,291,99
21,292,235
21,295,9
21,296,78
21,298,44
21,299,8
21,300,131
21,301,25
21,302,132
21,303,14
21,304,29
21,305,89
21,306,16
21,307,49
21,308,35
21,309,53
21,310,31
21,311,4
21,312,39
21,313,1
21,314,15
21,315,34
21,316,49
21,317,8
21,318,8
21,319,4
21,320,42
21,321,145
21,322,3
21,323,23
21,324,7
21,325,1
21,326,13
21,327,77
21,328,6
21,329,110
21,330,37
21,331,43
21,332,26
21,333,45
21,334,9
21,335,73
21,338,2
21,339,22
21,340,48
21,341,41
21,342,12
21,343,54
21,344,81
21,345,128
21,346,473
21,347,91
21,348,72
21,349,210
21,350,87
21,351,195
21,352,74
21,353,31
21,354,41
21,355,193
21,356,7
21,357,20
21,358,35
21,359,4
21,360,167
21,361,2
21,362,9
21,363,96
21,364,81
21,365,44
21,366,38
21,367,20
21,368,20
21,369,37
21,370,19
21,371,99
21,372,289
21,373,109
21,374,7
21,375,14
21,376,242
21,377,5
21,378,2
21,379,27
21,380,26
21,382,95
21,383,72
22,0,18
22,2,150
22,3,66
22,4,16
22,5,64
22,6,25
22,7,43
22,8,160
22,9,20
22,10,32
22,11,38
22,12,20
22,13,99
22,14,53
22,15,44
22,16,15
22,17,18
22,19,155
22,20,15
22,21,96
22,22,245
22,23,107
22,24,135
22,25,10
22,26,4
22,27,18
22,28,33
22,29,136
22,30,3
22,31,102
22,32,6
22,33,24
22,34,21
22,36,14
22,37,55
22,38,94
22,39,50
22,40,34
22,41,47
22,42,3
22,43,7
22,44,11
22,46,17
22,47,1
22,48,22
22,49,36
22,50,14
22,51,86
22,52,93
22,53,61
22,55,15
22,56,68
22,57,32
22,58,301
22,59,485
22,60,31
22,61,86
22,62,59
22,63,83
22,64,67
22,66,39
22,67,53
22,68,254
22,69,134
22,70,63
22,71,27
22,72,226
22,73,151
22,74,12
22,75,67
22,77,60
22,80,9
22,81,106
22,82,71
22,83,12
22,84,29
22,85,87
22,86,1
22,87,17
22,88,172
22,89,208
22,90,22
22,92,1
22,93,73
22,94,34
22,95,2
22,96,54
22,97,36
22,98,97
22,99,190
22,100,32
22,101,104
22,102,209
22,103,3
22,104,83
22,105,54
22,106,24
22,107,120
22,108,48
22,109,63
22,110,185
22,111,13
22,112,1
22,113,1
22,114,29
22,115,110
22,116,17
22,117,4
22,118,78
22,119,160
22,120,79
22,121,40
22,123,592
22,124,52
22,126,27
22,127,2
22,128,336
22,129,30
22,130,82
22,131,24
22,132,45
22,133,31
22,134,17
22,135,44
22,136,47
22,137,6
22,138,13
22,139,34
22,140,2
22,141,23
22,142,64
22,143,116
22,144,29
22,145,18
22,146,78
22,147,131
22,148,74
22,149,39
22,150,34
22,151,5
22,152,4
22,153,15
22,154,15
22,155,237
22,156,15
22,157,24
22,158,25
22,159,193
22,160,60
22,161,5
22,162,18
22,163,34
22,164,68
22,165,255
22,166,122
22,167,120
22,168,29
22,169,61
22,170,72
22,171,31
22,172,41
22,173,31
22,174,30
22,175,28
22,176,5
22,177,107
22,178,19
22,179,32
22,180,12
22,181,2
22,182,7
22,183,97
22,185,12
22,186,3
22,187,120
22,188,3
22,189,15
22,190,12
22,192,253
22,193,63
22,194,59
22,195,123
22,196,43
22,197,342
22,198,4
22,199,138
22,200,426
22,201,26
22,202,127
22,203,373
22,204,25
22,205,13
22,206,15
22,207,165
22,208,20
22,209,26
22,210,111
22,211,14
22,212,79
22,213,67
22,214,43
22,215,1
22,216,40
22,217,2
22,218,28
22,219,50
22,220,129
22,221,22
22,222,8
22,223,84
22,224,9
22,225,1
22,226,61
22,228,8
22,229,4
22,230,118
22,231,144
22,232,32
22,233,117
22,234,88
22,235,10
22,236,37
22,237,301
22,238,154
22,239,416
22,241,110
22,242,93
22,243,6
22,246,40
22,247,143
22,249,72
22,250,10
22,251,10
22,253,56
22,254,10
22,255,239
22,256,36
22,257,10
22,260,134
22,261,143
22,262,189
22,263,19
22,264,37
22,265,104
22,266,110
22,267,43
22,268,2
22,269,46
22,270,182
22,271,26
22,272,256
22,273,9
22,275,1
22,276,2
22,277,183
22,278,2
22,279,40
22,280,40
22,281,85
22,282,40
22,283,11
22,284,13
22,285,1
22,286,7
22,287,6
22,288,7
22,289,82
22,290,209
22,291,32
22,292,29
22,293,4
22,294,188
22,295,251
22,296,12
22,297,52
22,298,129
22,299,3
22,300,38
22,301,36
22,302,12
22,303,26
22,304,7
22,305,32
22,306,19
22,307,39
22,308,16
22,309,9
22,310,1
22,311,11
22,313,57
22,314,12
22,315,22
22,316,50
22,317,41
22,318,46
22,319,6
22,320,147
22,321,17
22,322,65
22,323,17
22,324,127
22,325,318
22,326,24
22,327,21
22,328,185
22,329,1
22,331,1
22,332,13
22,333,48
22,334,172
22,335,2
22,336,47
22,337,12
22,338,23
22,339,2
22,340,1
22,342,28
22,343,73
22,344,142
22,345,42
22,346,319
22,347,21
22,348,41
22,349,17
22,350,18
22,351,29
22,352,14
22,353,125
22,355,2
22,356,12
22,357,156
22,358,46
22,359,111
22,360,22
22,361,112
22,362,16
22,363,11
22,364,9
22,365,185
22,366,107
22,367,53
22,368,5
22,369,69
22,371,36
22,372,189
22,373,31
22,374,241
22,375,153
22,376,114
22,377,33
22,378,9
22,379,3
22,380,21
22,381,72
23,0,41
23,1,31
23,2,60
23,3,2
23,4,87
23,5,1
23,6,250
23,7,56
23,8,31
23,9,89
23,10,27
23,11,8
23,12,23
23,13,104
23,14,2
23,15,52
23,16,26
23,17,33
23,18,66
23,19,31
23,20,85
23,21,11
23,22,58
23,23,69
23,24,96
23,25,74
23,26,104
23,27,154
23,28,10
23,29,21
23,30,3
23,31,19
23,33,4
23,34,164
23,35,89
23,36,118
23,37,7
23,38,101
23,39,66
23,40,18
23,41,26
23,42,50
23,43,177
23,44,6
23,45,51
23,46,194
23,47,1
23,48,96
23,49,29
23,50,76
23,52,64
23,53,17
23,54,2
23,55,362
23,56,335
23,58,101
23,59,101
23,60,100
23,61,28
23,62,257
23,63,83
23,64,31
23,66,25
23,67,64
23,68,17
23,70,36
23,71,39
23,72,10
23,73,18
23,74,3
23,75,258
23,76,13
23,77,51
23,78,19
23,79,1
23,80,55
23,81,32
23,82,186
23,83,3
23,84,78
23,85,47
23,86,29
23,87,198
23,88,16
23,90,3
23,91,16
23,92,33
23,93,85
23,94,62
23,95,4
23,96,1
23,98,9
23,99,181
23,100,34
23,101,13
23,102,16
23,103,25
23,104,71
23,105,149
23,106,42
23,107,118
23,108,96
23,109,122
23,110,19
23,111,183
23,112,45
23,113,3
23,114,2
23,115,2
23,116,4
23,117,172
23,118,22
23,119,97
23,120,62
23,121,15
23,122,18
23,124,56
23,125,71
23,126,22
23,127,6
23,129,15
23,130,163
23,131,26
23,132,11
23,133,17
23,134,27
23,135,3
23,136,178
23,137,8
23,138,1
23,139,14
23,140,7
23,141,3
23,142,17
23,143,48
23,144,102
23,146,151
23,147,86
23,148,4
23,149,219
23,150,455
23,151,11
23,153,39
23,155,53
23,156,63
23,157,1
23,158,22
23,159,6
23,160,1
23,161,42
23,162,7
23,164,76
23,165,87
23,166,66
23,168,65
23,169,154
23,170,22
23,171,8
23,172,6
23,173,29
23,174,36
23,175,24
23,176,20
23,177,256
23,178,123
23,179,189
23,180,20
23,181,61
23,182,189
23,183,6
23,184,32
23,185,27
23,186,2
23,187,47
23,188,137
23,189,27
23,190,38
23,191,53
23,192,3
23,193,6
23,194,98
23,195,221
23,196,17
23,197,5
23,198,15
23,199,6
23,202,45
23,203,7
23,204,3
23,205,65
23,206,52
23,207,98
23,208,25
23,209,2
23,210,4
23,211,69
23,212,25
23,213,54
23,214,90
23,215,18
23,216,13
23,217,23
23,218,71
23,219,139
23,220,8
23,221,11
23,222,229
23,223,5
23,224,70
23,225,26
23,226,16
23,227,211
23,228,11
23,229,169
23,230,20
23,231,20
23,233,99
23,234,222
23,235,67
23,236,39
23,238,121
23,239,28
23,240,36
23,241,21
23,242,110
23,243,8
23,244,35
23,245,28
23,246,52
23,247,59
23,248,183
23,249,20
23,250,7
23,251,26
23,252,179
23,253,12
23,255,43
23,256,29
23,257,322
23,258,186
23,259,49
23,260,38
23,261,9
23,262,13
23,263,55
23,264,24
23,265,28
23,266,66
23,267,61
23,268,3
23,269,33
23,270,160
23,271,15
23,272,18
23,273,80
23,274,97
23,275,16
23,276,5
23,277,171
23,278,1
23,279,3
23,280,175
23,281,25
23,282,8
23,283,171
23,284,36
23,285,18
23,287,17
23,288,219
23,289,66
23,291,255
23,292,58
23,293,12
23,294,12
23,295,411
23,296,70
23,297,5
23,298,4
23,299,1
23,300,40
23,301,87
23,302,1093
23,303,43
23,304,15
23,307,84
23,308,15
23,309,24
23,311,171
23,312,19
23,313,3
23,314,12
23,315,7
23,316,15
23,318,4
23,319,7
23,320,23
23,321,171
23,322,76
23,323,9
23,324,82
23,325,2
23,327,16
23,328,145
23,329,10
23,330,57
23,331,42
23,332,39
23,333,78
23,334,240
23,335,64
23,336,117
23,337,1
23,338,68
23,340,254
23,341,1
23,343,40
23,344,2
23,345,23
23,346,97
23,347,58
23,348,18
23,349,1
23,350,180
23,351,125
23,353,50
23,354,78
23,355,251
23,356,375
23,357,4
23,358,83
23,359,56
23,360,27
23,361,6
23,362,48
23,363,35
23,364,90
23,365,118
23,366,88
23,367,445
23,368,53
23,369,74
23,370,10
23,371,6
23,372,8
23,373,115
23,374,23
23,375,40
23,376,8
23,377,207
23,378,9
23,379,12
23,380,18
23,381,131
23,382,245
23,383,38
24,0,33
24,1,79
24,2,46
24,3,54
24,4,343
24,5,7
24,6,59
24,7,6
24,8,60
24,9,10
24,10,41
24,11,49
24,12,88
24,13,51
24,14,14
24,15,51
24,16,160
24,18,36
24,19,6
24,20,37
24,21,42
24,22,75
24,23,54
24,24,786
24,25,98
24,26,263
24,27,84
24,28,60
24,29,19
24,30,9
24,31,83
24,32,31
24,33,68
24,34,20
24,35,179
24,36,89
24,37,25
24,38,14
24,39,77
24,40,34
24,41,31
24,42,8
24,44,38
24,45,7
24,46,7
24,47,105
24,48,5
24,49,180
24,50,5
24,51,25
24,52,10
24,53,39
24,54,57
24,56,150
24,57,11
24,60,62
24,61,112
24,62,8
24,63,287
24,64,64
24,65,10
24,66,5
24,67,45
24,68,33
24,69,29
24,70,9
24,71,83
24,72,5
24,73,9
24,74,36
24,75,105
24,76,69
24,77,165
24,78,647
24,79,59
24,80,90
24,81,27
24,82,89
24,83,33
24,84,17
24,85,8
24,87,59
24,88,5
24,89,21
24,90,151
24,91,41
24,92,79
24,93,2
24,94,204
24,95,40
24,97,21
24,98,16
24,99,22
24,100,52
24,101,24
24,102,44
24,103,92
24,104,44
24,105,416
24,106,7
24,107,68
24,108,132
24,109,33
24,110,181
24,111,36
24,112,26
24,113,169
24,114,46
24,116,47
24,117,208
24,118,36
24,119,10
24,120,8
24,121,31
24,122,224
24,123,114
24,124,83
24,125,12
24,126,23
24,127,197
24,128,14
24,129,2
24,130,56
24,131,100
24,132,21
24,133,45
24,134,111
24,135,28
24,136,31
24,138,25
24,139,22
24,141,13
24,143,34
24,144,6
24,145,16
24,146,82
24,147,68
24,148,206
24,149,1
24,150,15
24,151,326
24,152,1
24,153,41
24,154,221
24,155,106
24,156,21
24,158,137
24,159,87
24,160,24
24,161,16
24,162,47
24,163,31
24,164,12
24,165,94
24,166,2
24,167,25
24,168,309
24,169,13
24,170,16
24,171,79
24,172,1
24,173,110
24,174,96
24,175,6
24,176,37
24,177,7
24,178,55
24,180,100
24,181,157
24,182,5
24,184,224
24,185,58
24,186,5
24,188,11
24,189,85
24,190,10
24,191,35
24,192,107
24,195,157
24,196,60
24,197,47
24,198,56
24,199,123
24,200,218
24,201,80
24,203,68
24,204,214
24,207,54
24,208,95
24,209,3
24,210,6
24,212,29
24,213,195
24,214,99
24,215,680
24,216,105
24,217,61
24,218,13
24,220,2
24,221,16
24,222,245
24,223,98
24,224,62
24,225,136
24,227,33
24,228,85
24,230,320
24,231,4
24,232,51
24,233,1
24,234,59
24,235,27
24,236,25
24,237,9
24,239,59
24,240,78
24,241,39
24,242,46
24,243,13
24,244,127
24,245,6
24,246,85
24,247,35
24,248,42
24,250,1
24,251,128
24,252,85
24,253,45
24,254,13
24,255,5
24,256,18
24,258,43
24,259,48
24,260,23
24,261,6
24,262,233
24,263,147
24,264,13
24,265,20
24,266,123
24,267,3
24,268,33
24,269,115
24,270,42
24,271,20
24,272,29
24,273,170
24,274,62
24,275,4
24,276,8
24,277,16
24,278,34
24,279,2
24,281,25
24,282,25
24,283,34
24,285,19
24,286,192
24,288,33
24,289,4
24,290,43
24,291,54
24,292,51
24,293,80
24,294,12
24,295,17
24,296,63
24,297,95
24,298,98
24,299,34
24,300,8
24,301,61
24,302,23
24,303,2
24,304,6
24,305,61
24,306,24
24,307,176
24,308,41
24,309,62
24,310,183
24,311,228
24,312,26
24,313,5
24,314,31
24,315,247
24,316,101
24,317,21
24,318,71
24,319,175
24,320,5
24,321,26
24,322,4
24,324,42
24,326,1
24,327,4
24,328,286
24,329,36
24,330,55
24,331,40
24,333,755
24,334,72
24,335,1
24,336,28
24,337,39
24,338,4
24,339,20
24,340,36
24,341,3
24,342,30
24,343,34
24,345,41
24,346,5
24,347,3
24,348,113
24,349,283
24,350,33
24,351,22
24,352,129
24,353,4
24,355,49
24,356,24
24,357,36
24,358,29
24,359,46
24,360,1
24,361,52
24,362,21
24,363,13
24,364,33
24,365,42
24,366,14
24,367,57
24,368,52
24,369,163
24,371,68
24,374,123
24,375,3
24,376,14
24,377,5
24,378,2
24,379,204
24,380,23
24,382,17
24,383,2
25,0,78
25,2,76
25,3,3
25,4,218
25,5,28
25,6,44
25,7,5
25,8,48
25,9,335
25,10,7
25,11,9
25,12,55
25,13,29
25,14,40
25,15,25
25,16,105
25,17,440
25,18,185
25,19,73
25,20,63
25,21,22
25,22,63
25,23,33
25,24,155
25,25,33
25,27,34
25,28,127
25,30,27
25,31,3
25,32,11
25,33,31
25,34,23
25,35,12
25,36,59
25,37,32
25,38,49
25,39,205
25,41,8
25,43,38
25,44,18
25,45,14
25,46,47
25,48,170
25,49,156
25,50,113
25,52,41
25,53,88
25,54,77
25,55,216
25,56,7
25,57,180
25,58,420
25,59,7
25,60,74
25,61,59
25,62,14
25,63,30
25,64,22
25,65,171
25,66,12
25,67,17
25,69,391
25,70,90
25,71,138
25,72,8
25,73,8
25,74,20
25,76,5
25,78,89
25,79,66
25,80,26
25,81,64
25,82,17
25,83,30
25,85,206
25,86,7
25,87,18
25,88,66
25,89,95
25,90,27
25,91,10
25,92,7
25,93,7
25,94,79
25,95,74
25,96,72
25,97,12
25,100,216
25,101,18
25,102,93
25,103,58
25,105,27
25,106,5
25,108,3
25,109,14
25,110,63
25,112,27
25,113,6
25,114,27
25,115,1
25,116,1
25,117,5
25,118,2
25,119,5
25,120,11
25,121,47
25,122,272
25,123,5
25,124,80
25,125,14
25,126,97
25,127,8
25,128,104
25,129,275
25,130,21
25,131,17
25,132,29
25,133,49
25,134,131
25,135,4
25,136,22
25,137,289
25,138,97
25,139,56
25,140,86
25,141,70
25,142,171
25,143,157
25,144,51
25,145,5
25,146,6
25,147,57
25,148,123
25,149,86
25,150,5
25,151,107
25,152,60
25,153,70
25,155,12
25,156,36
25,157,12
25,158,3
25,159,17
25,160,21
25,161,5
25,163,255
25,164,8
25,165,83
25,166,27
25,167,6
25,168,12
25,169,74
25,170,23
25,171,20
25,172,27
25,173,1
25,174,1
25,175,44
25,176,6
25,177,34
25,178,56
25,179,19
25,180,7
25,181,7
25,182,35
25,183,79
25,184,65
25,185,163
25,186,91
25,187,12
25,188,1
25,189,39
25,190,133
25,191,36
25,192,154
25,193,1
25,194,511
25,195,10
25,196,30
25,197,13
25,198,2
25,199,59
25,200,22
25,201,74
25,202,2
25,203,99
25,204,76
25,205,7
25,206,20
25,207,75
25,209,125
25,210,14
25,211,39
25,212,6
25,214,107
25,215,56
25,216,114
25,217,92
25,218,83
25,219,32
25,220,53
25,221,3
25,222,73
25,223,87
25,224,15
25,225,82
25,226,24
25,227,131
25,228,51
25,229,8
25,230,164
25,231,37
25,233,38
25,234,20
25,235,29
25,236,76
25,237,6
25,238,37
25,239,96
25,240,3
25,241,4
25,242,525
25,243,26
25,244,203
25,245,144
25,249,18
25,250,3
25,251,35
25,252,40
25,253,52
25,254,36
25,257,43
25,259,32
25,260,36
25,261,308
25,262,370
25,263,3
25,264,4
25,265,116
25,266,47
25,267,3
25,268,47
25,269,221
25,270,14
25,271,172
25,272,8
25,273,105
25,274,390
25,275,54
25,276,10
25,277,21
25,278,44
25,280,29
25,281,19
25,282,53
25,283,5
25,284,84
25,285,2
25,286,60
25,287,12
25,289,1
25,290,540
25,292,56
25,293,49
25,294,553
25,295,357
25,296,42
25,297,40
25,298,115
25,299,134
25,300,21
25,301,8
25,302,8
25,303,5
25,304,97
25,305,7
25,307,50
25,309,34
25,310,31
25,311,14
25,312,7
25,313,22
25,314,26
25,315,46
25,316,499
25,317,45
25,318,52
25,320,81
25,321,32
25,322,16
25,323,40
25,327,35
25,328,27
25,329,10
25,330,21
25,331,80
25,332,4
25,333,39
25,334,63
25,335,96
25,336,51
25,337,1
25,338,52
25,339,228
25,341,256
25,342,58
25,343,16
25,344,139
25,345,89
25,346,4
25,347,25
25,348,171
25,349,66
25,350,30
25,351,48
25,352,126
25,353,121
25,354,154
25,355,9
25,356,487
25,357,83
25,358,16
25,359,57
25,360,21
25,361,32
25,362,83
25,363,4
25,364,2
25,365,8
25,367,29
25,368,103
25,371,36
25,372,207
25,373,3
25,374,7
25,375,2
25,376,65
25,377,45
25,378,109
25,380,31
25,381,26
25,382,95
25,383,3
26,0,9
26,1,69
26,2,7
26,4,16
26,5,3
26,6,19
26,7,53
26,8,39
26,9,16
26,10,32
26,11,98
26,12,52
26,13,113
26,14,2
26,15,33
26,16,19
26,17,20
26,18,3
26,19,111
26,20,28
26,21,8
26,22,41
26,23,127
26,24,15
26,25,42
26,28,105
26,29,85
26,30,3
26,31,16
26,32,350
26,33,209
26,34,40
26,35,16
26,36,4
26,38,100
26,39,23
26,40,75
26,41,15
26,42,60
26,43,16
26,44,75
26,45,411
26,47,9
26,48,25
26,49,106
26,50,113
26,51,69
26,52,3
26,53,51
26,54,234
26,55,19
26,56,25
26,57,19
26,58,73
26,59,15
26,60,30
26,61,23
26,62,33
26,63,43
26,64,57
26,65,50
26,66,14
26,67,62
26,68,220
26,69,47
26,70,12
26,71,27
26,72,32
26,73,1
26,74,15
26,75,77
26,76,44
26,77,19
26,78,8
26,79,20
26,80,48
26,81,48
26,82,159
26,83,19
26,84,106
26,85,1
26,86,9
26,87,35
26,88,26
26,89,16
26,90,58
26,91,4
26,92,69
26,93,5
26,94,180
26,95,52
26,96,43
26,97,3
26,98,31
26,99,294
26,100,89
26,101,136
26,103,1
26,104,28
26,105,131
26,106,55
26,107,2
26,108,20
26,109,123
26,110,64
26,111,176
26,112,5
26,113,5
26,114,51
26,115,68
26,116,34
26,117,175
26,118,3
26,120,3
26,121,66
26,122,195
26,123,24
26,124,12
26,125,37
26,126,14
26,127,59
26,128,54
26,129,587
26,130,88
26,131,4
26,133,146
26,134,59
26,135,1
26,136,214
26,137,75
26,138,63
26,139,48
26,140,65
26,141,251
26,142,3
26,143,37
26,144,56
26,145,6
26,146,237
26,147,97
26,148,583
26,149,53
26,150,26
26,152,3
26,153,142
26,154,3
26,155,46
26,156,55
26,157,1
26,158,85
26,159,10
26,160,501
26,161,131
26,162,1
26,163,46
26,164,219
26,165,25
26,166,68
26,167,123
26,168,191
26,169,43
26,170,27
26,171,76
26,172,122
26,174,30
26,175,11
26,176,10
26,177,3
26,178,26
26,179,54
26,180,13
26,181,216
26,182,21
26,183,26
26,184,19
26,185,95
26,186,233
26,187,215
26,188,19
26,189,35
26,190,23
26,191,70
26,192,17
26,193,79
26,194,61
26,195,4
26,196,13
26,197,6
26,198,14
26,200,17
26,201,14
26,202,113
26,204,112
26,205,40
26,206,16
26,207,27
26,208,44
26,209,56
26,210,14
26,211,26
26,212,9
26,213,7
26,214,4
26,215,275
26,216,12
26,217,36
26,218,4
26,219,80
26,220,5
26,221,109
26,222,10
26,223,79
26,224,22
26,225,71
26,226,117
26,227,163
26,228,100
26,229,120
26,230,6
26,231,17
26,232,24
26,233,39
26,234,109
26,235,4
26,236,21
26,237,4
26,238,3
26,239,97
26,240,2
26,241,205
26,242,30
26,243,38
26,244,2
26,245,53
26,246,9
26,247,537
26,248,54
26,249,129
26,250,4
26,252,115
26,253,29
26,254,150
26,255,69
26,256,72
26,257,12
26,258,2
26,260,4
26,261,257
26,262,91
26,263,45
26,264,22
26,265,13
26,266,35
26,267,59
26,269,44
26,270,277
26,271,4
26,272,1
26,274,37
26,275,30
26,276,102
26,277,9
26,278,3
26,279,14
26,280,206
26,281,19
26,282,32
26,283,12
26,284,15
26,285,3
26,286,80
26,287,31
26,288,184
26,289,66
26,291,30
26,292,1
26,293,12
26,294,14
26,295,4
26,296,7
26,297,3
26,298,244
26,299,50
26,300,72
26,301,18
26,302,13
26,303,46
26,304,105
26,305,205
26,306,82
26,307,33
26,308,50
26,309,18
26,310,29
26,311,37
26,312,58
26,313,58
26,314,60
26,315,34
26,316,1
26,317,6
26,318,20
26,319,193
26,320,93
26,321,75
26,322,3
26,323,31
26,325,69
26,326,2
26,327,17
26,328,27
26,329,84
26,330,127
26,331,16
26,332,107
26,333,89
26,334,5
26,335,16
26,336,98
26,337,58
26,338,55
26,339,83
26,340,43
26,341,687
26,342,1
26,343,13
26,344,117
26,345,26
26,346,62
26,347,63
26,348,54
26,349,1
26,350,243
26,351,56
26,352,8
26,353,5
26,354,4
26,355,355
26,356,107
26,357,73
26,358,49
26,359,33
26,360,4
26,361,32
26,362,38
26,363,20
26,364,213
26,365,15
26,366,70
26,367,12
26,368,8
26,369,50
26,370,5
26,371,35
26,372,2
26,374,69
26,375,2
26,376,67
26,377,225
26,378,44
26,379,1
26,380,53
26,381,43
26,382,251
26,383,5
27,0,140
27,1,8
27,4,85
27,6,13
27,7,58
27,8,1
27,9,57
27,10,51
27,11,11
27,12,1
27,14,598
27,15,94
27,16,30
27,17,77
27,19,110
27,20,48
27,21,1
27,23,253
27,24,282
27,25,16
27,26,204
27,27,34
27,28,22
27,29,87
27,30,27
27,31,92
27,32,42
27,33,34
27,34,121
27,35,27
27,36,11
27,37,75
27,38,3
27,39,5
27,40,34
27,41,65
27,42,3
27,43,34
27,44,28
27,45,64
27,46,14
27,47,81
27,48,60
27,49,2
27,50,31
27,51,18
27,52,11
27,53,9
27,54,60
27,55,32
27,56,16
27,58,111
27,59,6
27,60,7
27,62,306
27,63,42
27,64,134
27,65,54
27,66,3
27,67,56
27,68,50
27,69,77
27,70,18
27,71,41
27,72,10
27,73,116
27,74,127
27,75,1095
27,76,83
27,77,13
27,79,281
27,81,34
27,82,47
27,83,2
27,84,212
27,85,12
27,86,18
27,87,20
27,88,30
27,89,310
27,90,260
27,91,24
27,92,38
27,93,114
27,95,27
27,96,52
27,97,39
27,98,22
27,99,256
27,100,67
27,101,47
27,102,1
27,103,13
27,104,59
27,105,3
27,106,38
27,107,163
27,108,28
27,109,744
27,110,22
27,111,144
27,112,3
27,113,20
27,114,4
27,115,25
27,116,14
27,117,101
27,118,42
27,119,39
27,120,4
27,121,36
27,122,43
27,123,16
27,124,32
27,125,41
27,127,38
27,129,3
27,130,5
27,131,137
27,132,2
27,133,42
27,134,43
27,135,99
27,136,124
27,137,45
27,138,26
27,139,2
27,141,69
27,142,32
27,143,11
27,145,32
27,146,2
27,148,282
27,149,39
27,150,21
27,151,2
27,152,43
27,153,245
27,154,29
27,155,145
27,156,44
27,157,36
27,158,40
27,159,148
27,160,12
27,161,141
27,162,46
27,163,36
27,164,72
27,165,5
27,166,69
27,167,23
27,169,59
27,170,22
27,171,56
27,172,4
27,173,18
27,175,26
27,176,16
27,177,23
27,178,13
27,179,168
27,180,281
27,181,26
27,182,5
27,184,77
27,185,66
27,186,43
27,187,279
27,188,258
27,189,16
27,190,12
27,191,24
27,192,30
27,193,9
27,194,19
27,195,13
27,196,96
27,197,26
27,198,13
27,199,11
27,200,56
27,201,48
27,202,32
27,203,42
27,204,125
27,205,879
27,206,234
27,207,151
27,208,67
27,209,94
27,211,117
27,212,28
27,213,20
27,214,207
27,215,16
27,216,3
27,217,1
27,218,50
27,219,60
27,220,52
27,221,66
27,222,7
27,223,45
27,224,43
27,225,94
27,226,2
27,227,237
27,228,5
27,229,93
27,230,68
27,231,28
27,232,235
27,233,35
27,234,8
27,235,39
27,236,30
27,237,5
27,238,32
27,239,25
27,240,26
27,241,5
27,243,95
27,244,56
27,245,236
27,246,20
27,247,72
27,248,56
27,249,15
27,250,17
27,252,271
27,253,15
27,254,4
27,255,6
27,256,38
27,257,2
27,258,175
27,259,114
27,261,22
27,262,70
27,263,84
27,264,34
27,266,100
27,267,26
27,268,8
27,269,1
27,270,27
27,271,157
27,272,47
27,273,9
27,274,1
27,275,51
27,276,245
27,277,12
27,278,21
27,279,30
27,280,4
27,281,85
27,282,13
27,283,6
27,284,102
27,285,17
27,286,7
27,287,23
27,288,255
27,289,1
27,290,75
27,291,64
27,292,6
27,293,152
27,294,40
27,295,48
27,296,18
27,297,33
27,298,159
27,299,148
27,300,88
27,301,12
27,302,38
27,303,118
27,304,240
27,305,23
27,306,77
27,307,27
27,308,105
27,309,6
27,310,106
27,311,3
27,312,17
27,313,20
27,314,20
27,315,71
27,316,327
27,317,273
27,318,3
27,319,11
27,320,16
27,322,14
27,323,41
27,324,25
27,325,8
27,326,8
27,327,27
27,328,33
27,329,86
27,330,25
27,331,1
27,332,2
27,334,62
27,335,60
27,336,36
27,337,17
27,338,15
27,339,62
27,340,30
27,341,114
27,342,102
27,343,80
27,344,26
27,345,155
27,346,17
27,347,1
27,348,1
27,350,75
27,351,45
27,352,24
27,353,76
27,354,16
27,355,42
27,357,27
27,358,12
27,359,32
27,360,152
27,362,2
27,363,50
27,364,220
27,365,60
27,366,27
27,367,67
27,368,11
27,369,143
27,370,99
27,371,39
27,372,2
27,373,14
27,374,2
27,375,12
27,376,79
27,377,32
27,378,22
27,379,2
27,380,1
27,381,6
27,382,9
27,383,67
28,0,438
28,1,84
28,2,55
28,3,20
28,4,40
28,5,84
28,6,8
28,7,34
28,10,164
28,11,18
28,12,88
28,13,194
28,14,23
28,15,122
28,16,7
28,17,697
28,18,118
28,19,10
28,20,138
28,21,15
28,22,36
28,23,29
28,24,2
28,25,38
28,26,54
28,27,55
28,29,123
28,30,8
28,31,68
28,32,78
28,33,154
28,34,82
28,35,431
28,36,22
28,37,13
28,38,1
28,39,20
28,40,70
28,41,121
28,42,23
28,43,193
28,45,47
28,46,128
28,47,53
28,48,8
28,49,83
28,51,6
28,52,18
28,53,164
28,54,9
28,55,10
28,56,8
28,57,2
28,58,182
28,59,34
28,60,124
28,61,169
28,62,84
28,63,20
28,64,3
28,65,30
28,66,416
28,67,3
28,68,9
28,69,69
28,70,22
28,71,28
28,72,16
28,73,25
28,74,4
28,75,33
28,76,9
28,77,39
28,78,172
28,79,25
28,80,5
28,81,39
28,82,76
28,83,82
28,84,21
28,85,16
28,86,8
28,87,1
28,88,281
28,89,21
28,90,27
28,91,16
28,92,11
28,93,12
28,94,1
28,95,212
28,96,126
28,97,1
28,98,45
28,99,136
28,100,436
28,101,19
28,102,63
28,103,118
28,104,31
28,105,49
28,106,12
28,107,3
28,108,39
28,109,14
28,110,39
28,111,56
28,112,10
28,113,43
28,114,36
28,115,217
28,116,61
28,117,25
28,118,28
28,120,12
28,121,22
28,122,74
28,123,20
28,124,52
28,125,67
28,126,88
28,127,276
28,128,134
28,129,38
28,130,9
28,131,12
28,132,41
28,133,6
28,134,15
28,135,51
28,136,10
28,137,263
28,138,49
28,139,38
28,140,77
28,141,27
28,142,11
28,143,30
28,144,36
28,145,192
28,146,3
28,147,130
28,148,31
28,149,57
28,150,69
28,151,15
28,152,218
28,153,21
28,155,3
28,156,2
28,157,83
28,158,42
28,159,3
28,160,46
28,161,122
28,162,86
28,163,4
28,164,61
28,165,37
28,166,35
28,167,19
28,168,7
28,169,10
28,170,31
28,171,104
28,172,52
28,173,12
28,174,13
28,175,13
28,176,23
28,177,34
28,178,1
28,180,270
28,181,225
28,182,2
28,183,2
28,184,10
28,185,72
28,186,125
28,187,164
28,188,273
28,189,104
28,190,1
28,191,44
28,192,23
28,193,6
28,194,14
28,195,237
28,196,37
28,197,18
28,198,19
28,199,46
28,200,8
28,201,16
28,202,183
28,203,63
28,204,33
28,206,62
28,207,263
28,208,1
28,209,77
28,210,64
28,211,62
28,212,6
28,213,25
28,214,29
28,215,1
28,216,40
28,217,56
28,218,4
28,219,12
28,220,9
28,221,23
28,222,11
28,223,109
28,224,55
28,225,63
28,226,73
28,228,77
28,229,24
28,230,25
28,231,68
28,232,14
28,233,37
28,234,36
28,235,58
28,236,40
28,237,48
28,238,30
28,239,17
28,240,30
28,241,63
28,242,70
28,243,26
28,244,77
28,245,14
28,246,11
28,247,135
28,248,56
28,249,2
28,250,36
28,251,118
28,252,19
28,253,3
28,254,82
28,255,25
28,256,9
28,257,17
28,258,10
28,260,83
28,261,170
28,262,5
28,263,76
28,264,17
28,265,67
28,266,16
28,267,24
28,268,53
28,269,48
28,270,4
28,271,17
28,272,72
28,273,68
28,274,86
28,275,8
28,276,68
28,277,26
28,278,156
28,279,157
28,280,17
28,281,259
28,282,59
28,283,57
28,284,75
28,285,160
28,286,16
28,287,52
28,288,75
28,289,9
28,290,74
28,291,144
28,292,52
28,293,5
28,294,53
28,295,28
28,296,15
28,297,16
28,298,7
28,299,35
28,300,98
28,301,2
28,303,194
28,304,3
28,305,39
28,306,11
28,307,73
28,308,12
28,309,54
28,310,4
28,311,1
28,312,136
28,313,24
28,314,15
28,315,8
28,316,57
28,317,28
28,318,187
28,319,25
28,320,249
28,321,264
28,322,22
28,323,45
28,324,5
28,325,31
28,326,21
28,327,36
28,328,33
28,329,2
28,330,63
28,331,34
28,332,1
28,333,71
28,334,23
28,336,94
28,337,272
28,338,86
28,339,180
28,340,3
28,341,14
28,342,218
28,343,92
28,344,99
28,345,20
28,346,36
28,347,27
28,348,130
28,349,34
28,350,1
28,351,62
28,352,256
28,353,155
28,355,51
28,356,184
28,357,311
28,358,34
28,359,277
28,361,117
28,363,49
28,364,14
28,365,24
28,366,1
28,367,21
28,368,53
28,369,73
28,370,7
28,371,59
28,372,66
28,373,17
28,374,117
28,375,60
28,376,27
28,377,8
28,378,57
28,379,405
28,380,4
28,381,47
28,383,12
29,0,45
29,1,110
29,2,64
29,3,77
29,4,263
29,5,16
29,6,17
29,8,3
29,9,1
29,10,182
29,11,41
29,12,6
29,13,278
29,14,42
29,16,17
29,17,86
29,19,47
29,20,37
29,21,63
29,22,123
29,23,163
29,24,40
29,25,17
29,26,36
29,27,6
29,28,1
29,29,176
29,31,6
29,32,67
29,33,87
29,34,29
29,35,60
29,36,8
29,37,20
29,38,50
29,39,7
29,40,149
29,41,18
29,42,28
29,43,43
29,44,15
29,45,29
29,46,36
29,47,17
29,48,64
29,49,80
29,50,51
29,51,14
29,52,75
29,53,1
29,54,1
29,55,126
29,56,1
29,57,13
29,58,56
29,59,4
29,60,93
29,61,58
29,62,74
29,63,224
29,64,31
29,65,3
29,66,17
29,67,75
29,68,76
29,69,64
29,70,71
29,71,34
29,72,3
29,73,74
29,74,62
29,75,9
29,76,231
29,77,25
29,78,15
29,79,50
29,80,62
29,81,4
29,82,285
29,83,26
29,84,14
29,85,25
29,86,213
29,87,180
29,88,21
29,89,6
29,90,28
29,91,45
29,92,38
29,93,166
29,94,63
29,95,153
29,96,2
29,97,260
29,98,37
29,99,35
29,100,4
29,101,22
29,102,15
29,103,10
29,104,40
29,106,66
29,107,54
29,108,28
29,109,20
29,110,4
29,111,15
29,112,220
29,113,33
29,114,56
29,115,13
29,117,18
29,118,7
29,119,15
29,120,38
29,121,124
29,122,124
29,123,10
29,124,64
29,125,66
29,126,33
29,127,3
29,128,22
29,129,19
29,130,96
29,131,41
29,132,36
29,133,16
29,135,28
29,136,112
29,137,121
29,138,6
29,139,82
29,140,5
29,141,115
29,142,422
29,143,57
29,144,54
29,145,18
29,146,5
29,147,65
29,148,31
29,149,189
29,150,10
29,151,261
29,152,258
29,153,33
29,154,63
29,156,220
29,157,134
29,158,7
29,159,18
29,160,209
29,161,340
29,162,176
29,163,18
29,164,17
29,165,45
29,167,26
29,168,138
29,169,28
29,170,7
29,171,1
29,172,3
29,173,47
29,174,5
29,175,86
29,176,201
29,177,42
29,178,102
29,179,31
29,180,4
29,181,73
29,182,13
29,183,170
29,184,12
29,185,18
29,186,45
29,187,63
29,188,1
29,189,14
29,190,2
29,191,65
29,193,1
29,194,7
29,195,13
29,196,17
29,197,155
29,198,54
29,199,70
29,200,22
29,201,72
29,202,7
29,203,281
29,204,13
29,205,99
29,206,20
29,207,50
29,208,41
29,209,53
29,210,3
29,211,165
29,212,18
29,213,37
29,216,13
29,217,1
29,218,143
29,219,32
29,220,36
29,221,32
29,222,2
29,223,1
29,224,59
29,225,144
29,226,3
29,227,136
29,229,15
29,230,96
29,231,143
29,232,63
29,233,32
29,234,1
29,235,71
29,236,47
29,237,21
29,238,31
29,239,10
29,240,4
29,241,137
29,242,12
29,243,71
29,244,4
29,245,67
29,246,34
29,247,77
29,248,61
29,250,56
29,251,29
29,252,25
29,253,5
29,254,27
29,256,35
29,258,29
29,259,84
29,260,43
29,261,13
29,262,10
29,263,12
29,264,332
29,265,10
29,266,63
29,267,29
29,269,40
29,270,10
29,272,24
29,273,2
29,274,210
29,275,26
29,276,234
29,277,18
29,278,29
29,279,19
29,281,41
29,282,2
29,283,18
29,284,21
29,285,21
29,286,248
29,287,87
29,288,26
29,289,28
29,290,15
29,291,40
29,292,27
29,293,215
29,294,20
29,295,36
29,296,11
29,297,26
29,298,29
29,299,54
29,300,130
29,301,73
29,302,34
29,303,101
29,304,45
29,305,490
29,306,3
29,307,68
29,308,25
29,309,134
29,310,21
29,311,34
29,312,20
29,313,75
29,314,350
29,315,28
29,316,18
29,317,24
29,318,6
29,319,90
29,320,78
29,322,2
29,323,57
29,324,283
29,326,86
29,327,35
29,328,84
29,329,50
29,330,8
29,331,58
29,332,1
29,333,8
29,334,4
29,335,287
29,336,679
29,337,59
29,338,38
29,339,153
29,341,3
29,342,18
29,343,789
29,344,50
29,345,27
29,346,45
29,347,63
29,348,222
29,349,52
29,350,191
29,351,91
29,352,40
29,353,12
29,354,45
29,355,13
29,356,11
29,357,20
29,358,22
29,360,18
29,361,34
29,363,1
29,365,3
29,366,12
29,367,4
29,368,141
29,369,15
29,370,46
29,371,18
29,372,298
29,373,59
29,374,5
29,376,244
29,377,101
29,378,40
29,379,127
29,380,18
29,381,52
29,382,395
29,383,22
30,0,13
30,1,2
30,2,82
30,3,66
30,4,16
30,5,102
30,6,46
30,7,34
30,8,64
30,9,37
30,10,1
30,12,99
30,13,39
30,14,50
30,15,75
30,16,28
30,17,4
30,19,13
30,20,78
30,21,62
30,22,7
30,23,84
30,25,13
30,26,81
30,27,307
30,28,13
30,29,6
30,30,9
30,31,14
30,32,18
30,33,99
30,34,247
30,35,49
30,36,17
30,37,34
30,38,148
30,39,155
30,40,5
30,41,18
30,42,79
30,44,105
30,45,2
30,46,27
30,47,61
30,48,148
30,50,51
30,51,47
30,52,43
30,53,36
30,54,48
30,55,53
30,56,154
30,57,13
30,58,364
30,59,1
30,60,134
30,61,66
30,62,2
30,63,1
30,64,27
30,65,4
30,66,4
30,67,26
30,68,216
30,69,48
30,70,25
30,71,150
30,72,34
30,73,14
30,74,27
30,75,34
30,76,59
30,77,77
30,79,106
30,80,57
30,81,20
30,82,3
30,83,10
30,84,87
30,85,44
30,86,63
30,87,454
30,88,109
30,90,20
30,91,27
30,92,257
30,93,1
30,94,29
30,95,11
30,96,51
30,97,1
30,98,68
30,99,119
30,100,4
30,101,28
30,102,73
30,103,1
30,104,5
30,105,31
30,106,24
30,107,27
30,108,135
30,109,108
30,110,300
30,111,177
30,112,224
30,114,57
30,115,198
30,116,7
30,117,2
30,118,34
30,120,259
30,121,58
30,122,47
30,123,101
30,124,7
30,125,76
30,126,68
30,127,10
30,128,74
30,130,13
30,131,124
30,132,97
30,133,50
30,134,38
30,135,2
30,136,10
30,137,75
30,138,42
30,139,8
30,140,54
30,141,7
30,142,50
30,143,24
30,144,66
30,146,118
30,147,8
30,148,49
30,149,49
30,150,125
30,151,133
30,152,83
30,153,45
30,154,71
30,155,201
30,156,6
30,157,3
30,158,14
30,159,1
30,160,220
30,161,2
30,162,224
30,163,7
30,164,58
30,165,90
30,166,15
30,167,107
30,168,77
30,169,83
30,170,6
30,171,48
30,172,9
30,173,38
30,174,79
30,175,55
30,176,69
30,177,3
30,178,197
30,179,1
30,181,247
30,182,34
30,183,36
30,184,11
30,185,106
30,186,23
30,187,1
30,188,101
30,189,90
30,190,125
30,191,207
30,192,183
30,193,153
30,194,51
30,195,45
30,196,136
30,197,302
30,198,13
30,200,32
30,201,58
30,202,105
30,204,6
30,205,2
30,206,1
30,208,102
30,209,64
30,210,12
30,211,18
30,212,3
30,213,66
30,214,111
30,215,9
30,216,22
30,217,52
30,218,50
30,219,105
30,220,31
30,221,180
30,222,8
30,223,137
30,224,4
30,225,2
30,226,1
30,227,9
30,228,42
30,230,2
30,232,13
30,233,308
30,234,34
30,235,173
30,236,39
30,238,1
30,240,1
30,241,4
30,242,13
30,243,29
30,244,44
30,245,18
30,246,86
30,247,407
30,248,4
30,249,1
30,250,19
30,251,95
30,252,143
30,253,4
30,254,45
30,255,1
30,257,9
30,258,1
30,259,17
30,260,1
30,261,2
30,262,37
30,264,94
30,265,24
30,266,1
30,267,48
30,268,34
30,269,7
30,270,17
30,271,120
30,272,46
30,273,144
30,274,140
30,275,160
30,276,47
30,277,75
30,278,65
30,279,6
30,280,5
30,281,31
30,282,7
30,283,40
30,284,162
30,285,29
30,286,2
30,287,2
30,288,2
30,290,58
30,291,70
30,292,247
30,293,117
30,294,94
30,295,115
30,296,34
30,297,69
30,298,7
30,299,63
30,300,21
30,301,5
30,302,40
30,303,35
30,304,124
30,305,128
30,306,56
30,307,7
30,308,33
30,309,139
30,310,14
30,311,7
30,312,91
30,313,136
30,314,52
30,315,107
30,316,40
30,317,128
30,318,46
30,319,35
30,320,117
30,321,35
30,322,200
30,323,96
30,324,36
30,325,6
30,326,2
30,327,33
30,328,189
30,329,5
30,330,162
30,331,8
30,332,41
30,333,12
30,334,16
30,335,1
30,337,19
30,338,47
30,339,99
30,340,262
30,342,32
30,343,8
30,344,495
30,345,372
30,346,75
30,347,61
30,348,60
30,349,262
30,350,9
30,351,89
30,352,13
30,353,9
30,354,11
30,355,60
30,356,159
30,357,104
30,358,19
30,360,145
30,361,2
30,362,11
30,363,42
30,364,6
30,365,63
30,367,2
30,368,19
30,369,23
30,370,4
30,371,83
30,372,13
30,373,14
30,374,210
30,375,236
30,376,2
30,377,48
30,378,139
30,379,17
30,380,9
30,381,19
30,382,397
30,383,152
31,0,35
31,1,66
31,2,28
31,3,59
31,4,43
31,5,11
31,6,1
31,7,37
31,8,32
31,9,326
31,10,41
31,11,46
31,12,43
31,13,20
31,14,35
31,15,111
31,16,16
31,17,1
31,18,17
31,19,17
31,20,100
31,21,1
31,22,66
31,23,43
31,24,28
31,25,43
31,26,40
31,27,31
31,28,159
31,29,308
31,30,33
31,31,29
31,32,24
31,33,32
31,34,13
31,35,42
31,36,17
31,37,40
31,38,78
31,39,56
31,40,2
31,41,8
31,42,22
31,43,48
31,44,2
31,45,28
31,46,33
31,47,9
31,48,21
31,49,69
31,51,59
31,52,26
31,53,12
31,54,32
31,55,37
31,56,223
31,57,6
31,59,15
31,60,1
31,62,4
31,63,103
31,64,202
31,65,30
31,66,17
31,67,70
31,68,25
31,71,9
31,72,184
31,73,16
31,74,84
31,75,6
31,76,55
31,77,49
31,78,2
31,79,199
31,80,128
31,81,29
31,82,23
31,84,14
31,85,11
31,86,102
31,87,5
31,88,166
31,89,122
31,90,423
31,91,3
31,92,22
31,93,22
31,94,2
31,95,56
31,97,36
31,98,80
31,99,2
31,100,106
31,101,68
31,102,201
31,103,192
31,104,72
31,105,27
31,106,25
31,107,17
31,108,9
31,109,164
31,110,35
31,111,148
31,112,91
31,113,21
31,114,4
31,115,13
31,116,44
31,117,2
31,118,12
31,119,16
31,120,9
31,121,78
31,122,17
31,123,10
31,124,225
31,125,1
31,126,37
31,127,1
31,128,25
31,129,35
31,130,15
31,131,105
31,132,6
31,133,77
31,134,69
31,135,102
31,136,1
31,137,25
31,138,6
31,139,28
31,140,113
31,141,39
31,142,14
31,143,660
31,144,49
31,145,10
31,146,39
31,147,13
31,148,21
31,149,15
31,150,17
31,151,17
31,152,40
31,153,71
31,154,5
31,155,93
31,156,25
31,157,29
31,159,84
31,160,11
31,162,183
31,163,59
31,164,15
31,166,196
31,167,18
31,170,43
31,171,111
31,172,11
31,173,5
31,174,9
31,175,38
31,176,13
31,177,152
31,178,69
31,179,201
31,180,44
31,181,37
31,182,74
31,183,229
31,184,10
31,185,17
31,186,55
31,187,15
31,188,1
31,189,27
31,190,115
31,191,3
31,192,85
31,193,111
31,194,111
31,195,66
31,196,16
31,197,3
31,198,45
31,199,82
31,201,46
31,202,56
31,203,171
31,204,19
31,205,2
31,206,53
31,207,156
31,208,170
31,209,1
31,210,38
31,211,40
31,212,15
31,213,3
31,214,37
31,215,34
31,217,2
31,218,106
31,219,78
31,220,416
31,221,140
31,222,70
31,223,18
31,224,177
31,225,256
31,226,51
31,227,110
31,228,71
31,229,363
31,230,51
31,231,106
31,232,86
31,233,276
31,234,10
31,235,17
31,236,58
31,237,239
31,238,91
31,239,64
31,241,49
31,242,151
31,243,60
31,244,11
31,245,20
31,246,15
31,247,23
31,249,207
31,250,29
31,251,44
31,252,36
31,253,51
31,254,26
31,255,18
31,256,17
31,257,12
31,258,23
31,259,32
31,260,33
31,261,426
31,262,340
31,263,6
31,265,3
31,266,105
31,268,10
31,269,7
31,270,6
31,271,112
31,272,22
31,273,40
31,274,10
31,275,8
31,276,26
31,277,4
31,278,20
31,279,97
31,280,148
31,281,84
31,283,221
31,284,27
31,285,28
31,287,6
31,288,25
31,289,78
31,290,182
31,291,4
31,292,106
31,293,21
31,294,70
31,295,61
31,296,193
31,297,18
31,298,10
31,299,28
31,300,29
31,301,12
31,302,24
31,303,238
31,305,2
31,306,13
31,307,5
31,308,22
31,309,20
31,310,26
31,311,198
31,312,75
31,313,115
31,314,32
31,315,75
31,316,72
31,318,69
31,319,66
31,321,2
31,322,3
31,324,3
31,326,229
31,327,89
31,328,44
31,329,11
31,330,28
31,331,1
31,332,303
31,333,123
31,334,14
31,335,37
31,336,12
31,337,10
31,338,95
31,340,150
31,341,33
31,342,87
31,343,161
31,344,49
31,345,34
31,346,84
31,347,10
31,348,34
31,349,204
31,350,40
31,351,13
31,352,5
31,353,918
31,354,23
31,355,24
31,356,218
31,357,39
31,358,93
31,359,65
31,361,89
31,362,62
31,363,7
31,364,84
31,365,136
31,366,136
31,367,16
31,368,42
31,369,25
31,370,19
31,371,4
31,372,3
31,373,235
31,374,32
31,375,58
31,376,102
31,377,113
31,378,29
31,379,38
31,380,322
31,381,43
31,382,3
31,383,14
32,0,21
32,1,616
32,2,21
32,3,187
32,4,2
32,5,90
32,6,9
32,7,82
32,8,15
32,9,1
32,10,7
32,11,73
32,12,65
32,13,37
32,14,26
32,15,30
32,16,173
32,17,33
32,18,4
32,19,31
32,20,374
32,21,45
32,22,17
32,23,70
32,24,28
32,25,45
32,26,10
32,27,99
32,28,45
32,29,92
32,30,9
32,31,1
32,32,97
32,33,72
32,34,5
32,35,18
32,36,3
32,37,24
32,38,12
32,39,50
32,40,3
32,41,18
32,42,20
32,43,36
32,44,97
32,45,28
32,46,35
32,47,86
32,48,130
32,50,7
32,51,5
32,52,34
32,53,11
32,54,58
32,56,14
32,57,37
32,58,14
32,60,143
32,61,12
32,62,25
32,63,23
32,64,12
32,65,60
32,67,171
32,68,62
32,69,48
32,70,29
32,72,12
32,73,41
32,74,60
32,75,6
32,76,61
32,77,9
32,78,71
32,79,46
32,80,1
32,81,95
32,83,58
32,84,4
32,85,26
32,86,1
32,87,15
32,88,7
32,89,39
32,90,18
32,91,4
32,92,8
32,93,21
32,94,678
32,95,18
32,96,112
32,97,13
32,98,7
32,99,15
32,100,16
32,101,222
32,103,54
32,105,46
32,106,26
32,107,27
32,108,318
32,109,91
32,110,17
32,111,8
32,112,40
32,114,223
32,115,169
32,116,63
32,117,213
32,118,36
32,119,34
32,123,43
32,124,14
32,125,98
32,126,33
32,127,42
32,128,17
32,129,16
32,130,26
32,131,97
32,132,74
32,133,31
32,134,9
32,135,161
32,136,27
32,137,1
32,138,5
32,139,23
32,140,36
32,141,270
32,142,39
32,143,18
32,144,98
32,145,33
32,146,17
32,147,3
32,148,7
32,149,9
32,150,259
32,151,18
32,152,11
32,153,33
32,155,65
32,156,53
32,157,37
32,158,51
32,159,12
32,160,34
32,161,47
32,162,6
32,163,20
32,164,5
32,165,46
32,166,11
32,167,81
32,168,12
32,169,18
32,171,44
32,173,71
32,174,33
32,175,342
32,176,5
32,177,3
32,178,10
32,179,7
32,180,15
32,181,28
32,182,40
32,184,41
32,185,183
32,186,103
32,187,81
32,188,10
32,189,565
32,190,39
32,191,118
32,192,56
32,193,57
32,194,3
32,195,8
32,196,103
32,197,58
32,198,3
32,199,28
32,200,18
32,201,6
32,202,133
32,203,77
32,204,85
32,205,45
32,206,355
32,207,105
32,208,12
32,209,58
32,210,59
32,211,12
32,212,83
32,213,267
32,214,157
32,215,2
32,216,111
32,217,19
32,218,228
32,219,155
32,220,64
32,221,1
32,222,245
32,223,102
32,225,7
32,226,1
32,227,39
32,228,2
32,229,20
32,230,42
32,231,123
32,232,436
32,233,4
32,234,40
32,235,36
32,236,1
32,237,17
32,238,77
32,239,19
32,240,28
32,241,31
32,242,35
32,243,19
32,244,30
32,245,21
32,246,8
32,247,6
32,248,9
32,249,59
32,250,55
32,251,31
32,252,144
32,253,5
32,254,65
32,255,10
32,256,2
32,257,16
32,258,318
32,259,188
32,260,42
32,261,120
32,262,46
32,263,5
32,264,153
32,265,50
32,266,59
32,267,56
32,268,21
32,269,11
32,270,2
32,271,43
32,272,259
32,273,42
32,274,29
32,275,22
32,276,72
32,277,9
32,278,307
32,279,9
32,280,7
32,281,44
32,282,53
32,283,80
32,284,5
32,285,209
32,286,9
32,287,5
32,288,6
32,289,39
32,290,37
32,291,7
32,292,39
32,293,73
32,294,8
32,295,84
32,296,43
32,297,26
32,298,77
32,299,62
32,300,18
32,301,12
32,302,23
32,303,76
32,304,151
32,305,106
32,306,27
32,307,15
32,308,32
32,309,18
32,310,34
32,311,3
32,312,32
32,313,23
32,314,17
32,315,12
32,316,13
32,317,259
32,318,2
32,319,38
32,320,959
32,321,70
32,322,55
32,323,313
32,324,162
32,325,96
32,326,81
32,327,12
32,328,61
32,329,49
32,330,67
32,331,1
32,333,251
32,334,25
32,335,70
32,336,1
32,337,48
32,338,18
32,339,16
32,340,44
32,341,6
32,342,6
32,343,59
32,344,6
32,345,1
32,346,38
32,347,156
32,348,28
32,349,29
32,350,32
32,351,74
32,352,22
32,353,12
32,354,178
32,355,28
32,356,64
32,357,114
32,358,24
32,359,116
32,360,9
32,361,57
32,363,209
32,364,257
32,365,85
32,366,188
32,367,30
32,368,266
32,369,6
32,370,99
32,371,3
32,372,4
32,373,371
32,374,3
32,375,141
32,376,117
32,377,21
32,378,32
32,379,22
32,380,10
32,381,37
32,382,3
32,383,82
33,0,7
33,1,87
33,2,41
33,3,31
33,4,52
33,5,14
33,6,284
33,7,16
33,8,244
33,9,20
33,11,40
33,12,417
33,13,57
33,14,70
33,15,13
33,16,11
33,17,34
33,18,206
33,19,48
33,20,122
33,21,82
33,22,27
33,23,139
33,24,15
33,25,67
33,26,6
33,27,39
33,28,18
33,29,18
33,31,202
33,32,101
33,33,38
33,34,127
33,35,34
33,36,63
33,38,56
33,39,53
33,40,27
33,41,1
33,42,225
33,43,54
33,44,70
33,45,14
33,46,49
33,47,42
33,49,92
33,51,25
33,52,46
33,53,112
33,54,64
33,55,2
33,56,6
33,57,18
33,58,31
33,59,8
33,60,377
33,61,39
33,64,64
33,65,57
33,66,52
33,67,54
33,68,71
33,69,51
33,70,274
33,71,2
33,72,70
33,73,50
33,74,7
33,75,1
33,76,22
33,77,21
33,78,22
33,79,4
33,80,33
33,81,215
33,82,20
33,83,23
33,84,90
33,85,18
33,86,1
33,87,338
33,88,7
33,89,31
33,90,23
33,91,91
33,92,30
33,93,94
33,94,46
33,95,18
33,97,55
33,98,167
33,99,218
33,100,14
33,101,8
33,102,20
33,103,138
33,104,16
33,105,238
33,106,32
33,107,13
33,108,50
33,109,10
33,110,20
33,111,16
33,112,28
33,113,4
33,114,83
33,115,4
33,116,112
33,117,76
33,119,30
33,120,22
33,121,116
33,122,28
33,123,54
33,124,52
33,125,57
33,126,29
33,129,27
33,130,4
33,131,1
33,132,44
33,133,130
33,134,11
33,135,98
33,136,4
33,137,13
33,138,64
33,141,16
33,143,21
33,144,21
33,145,73
33,147,2
33,148,18
33,149,18
33,150,38
33,151,38
33,152,14
33,153,74
33,154,42
33,155,12
33,157,19
33,158,314
33,159,32
33,160,7
33,161,66
33,162,58
33,163,8
33,164,155
33,165,98
33,166,100
33,167,23
33,168,2
33,169,22
33,170,18
33,171,375
33,172,133
33,173,102
33,174,36
33,175,51
33,176,2
33,177,150
33,178,19
33,179,8
33,180,17
33,181,18
33,182,63
33,183,348
33,184,159
33,185,34
33,186,39
33,187,148
33,188,17
33,189,40
33,190,140
33,191,2
33,193,12
33,194,54
33,195,79
33,196,189
33,197,16
33,198,69
33,199,30
33,200,69
33,201,27
33,202,136
33,203,66
33,204,12
33,205,93
33,206,286
33,207,35
33,208,258
33,209,10
33,210,2
33,211,51
33,212,28
33,213,286
33,214,17
33,215,43
33,216,9
33,217,15
33,218,99
33,219,151
33,220,36
33,221,15
33,222,12
33,223,17
33,224,136
33,225,91
33,227,65
33,228,86
33,229,70
33,230,6
33,231,55
33,232,8
33,233,171
33,234,31
33,235,196
33,236,69
33,237,51
33,238,22
33,239,60
33,240,161
33,241,225
33,242,252
33,243,87
33,244,19
33,245,50
33,246,32
33,247,14
33,248,60
33,249,4
33,251,60
33,252,7
33,254,11
33,255,120
33,256,11
33,257,31
33,258,23
33,259,35
33,260,102
33,261,65
33,262,26
33,263,54
33,264,170
33,265,288
33,266,23
33,267,86
33,268,64
33,269,3
33,270,103
33,271,126
33,272,117
33,273,45
33,274,131
33,275,17
33,276,132
33,277,20
33,278,5
33,279,38
33,280,71
33,281,16
33,282,30
33,283,64
33,284,5
33,285,506
33,286,13
33,287,313
33,288,20
33,289,22
33,290,123
33,291,25
33,292,16
33,293,22
33,294,11
33,295,97
33,297,8
33,298,12
33,299,4
33,300,88
33,301,11
33,302,273
33,303,12
33,304,3
33,305,13
33,306,7
33,307,67
33,310,210
33,311,120
33,312,153
33,313,35
33,314,144
33,315,26
33,316,29
33,317,8
33,318,3
33,319,30
33,320,44
33,321,40
33,322,217
33,323,2
33,324,44
33,325,31
33,326,7
33,327,52
33,329,60
33,330,2
33,331,39
33,332,50
33,333,57
33,334,1
33,335,34
33,336,41
33,337,20
33,338,99
33,339,8
33,340,161
33,341,12
33,342,57
33,343,98
33,344,8
33,345,10
33,346,70
33,347,21
33,348,82
33,349,46
33,350,179
33,351,309
33,352,163
33,353,108
33,354,166
33,355,1
33,356,5
33,357,35
33,358,3
33,359,7
33,360,151
33,361,78
33,362,57
33,363,50
33,364,25
33,365,47
33,366,8
33,367,140
33,368,74
33,369,64
33,370,41
33,371,26
33,372,15
33,373,48
33,374,11
33,375,89
33,376,167
33,377,146
33,378,6
33,379,8
33,380,19
33,381,39
33,382,85
33,383,28
34,0,60
34,1,86
34,2,31
34,3,136
34,4,139
34,5,87
34,6,60
34,7,49
34,8,56
34,10,38
34,12,27
34,14,25
34,15,23
34,17,33
34,19,113
34,20,8
34,21,47
34,22,95
34,23,197
34,24,78
34,25,139
34,27,24
34,28,19
34,29,9
34,30,5
34,31,77
34,32,208
34,33,18
34,34,18
34,35,27
34,36,25
34,37,26
34,38,105
34,39,36
34,41,3
34,42,1
34,43,12
34,44,163
34,45,89
34,46,1
34,47,40
34,48,4
34,49,28
34,50,427
34,51,305
34,52,44
34,53,171
34,54,22
34,55,23
34,56,333
34,57,78
34,58,43
34,59,28
34,60,126
34,61,21
34,62,2
34,63,9
34,64,52
34,65,5
34,66,21
34,67,183
34,68,21
34,69,66
34,70,16
34,71,65
34,72,16
34,73,11
34,74,103
34,75,41
34,76,8
34,77,3
34,78,44
34,79,4
34,80,3
34,81,2
34,82,4
34,83,16
34,84,44
34,85,62
34,86,55
34,87,2
34,88,43
34,91,176
34,92,143
34,93,63
34,94,2
34,95,1
34,96,33
34,97,42
34,98,45
34,99,4
34,100,54
34,101,505
34,102,30
34,103,89
34,104,4
34,105,53
34,106,39
34,107,55
34,108,49
34,109,150
34,110,40
34,111,23
34,112,80
34,113,188
34,114,298
34,115,2
34,116,33
34,117,178
34,118,42
34,119,16
34,120,75
34,121,202
34,122,59
34,123,83
34,124,157
34,125,24
34,126,23
34,127,115
34,128,242
34,129,7
34,130,10
34,131,7
34,132,60
34,133,220
34,134,26
34,135,125
34,136,26
34,137,111
34,138,76
34,139,2
34,140,29
34,141,29
34,142,67
34,143,12
34,144,58
34,145,66
34,146,69
34,147,48
34,148,13
34,149,185
34,150,18
34,151,96
34,152,104
34,153,2
34,154,94
34,155,80
34,156,87
34,157,80
34,158,97
34,159,2
34,160,2
34,161,23
34,162,10
34,163,21
34,164,32
34,165,15
34,167,105
34,168,361
34,169,9
34,170,97
34,171,249
34,172,22
34,173,19
34,174,9
34,175,26
34,176,38
34,177,19
34,178,28
34,179,9
34,180,217
34,181,16
34,183,25
34,184,34
34,185,7
34,186,63
34,187,126
34,188,89
34,189,5
34,190,3
34,191,15
34,192,16
34,193,16
34,194,38
34,196,100
34,197,393
34,198,164
34,199,120
34,200,35
34,202,95
34,203,102
34,204,209
34,205,24
34,206,71
34,207,1
34,208,4
34,210,67
34,211,34
34,212,39
34,213,61
34,214,35
34,215,140
34,216,130
34,217,88
34,218,256
34,219,4
34,220,56
34,221,23
34,222,4
34,223,12
34,224,22
34,225,80
34,226,205
34,227,52
34,228,18
34,229,13
34,230,24
34,231,5
34,232,2
34,233,234
34,234,3
34,235,33
34,236,306
34,237,93
34,238,108
34,239,16
34,240,104
34,241,19
34,242,39
34,243,79
34,244,45
34,245,9
34,246,20
34,247,58
34,248,29
34,249,15
34,250,134
34,251,289
34,252,13
34,253,22
34,255,48
34,256,13
34,257,37
34,258,24
34,259,4
34,260,10
34,261,79
34,262,5
34,263,232
34,264,21
34,265,11
34,266,53
34,267,9
34,268,66
34,269,161
34,270,112
34,271,1
34,272,9
34,273,40
34,274,90
34,275,265
34,276,136
34,277,23
34,278,3
34,279,5
34,280,35
34,281,52
34,282,14
34,283,9
34,284,24
34,285,14
34,286,1
34,287,486
34,288,63
34,289,42
34,290,25
34,291,79
34,292,14
34,293,1
34,294,20
34,295,15
34,296,404
34,297,44
34,298,33
34,299,147
34,300,68
34,301,20
34,302,23
34,303,35
34,304,164
34,305,1
34,306,12
34,307,40
34,308,325
34,309,14
34,310,140
34,311,48
34,312,53
34,313,41
34,314,13
34,315,167
34,316,8
34,317,23
34,318,35
34,319,3
34,320,26
34,321,48
34,322,43
34,323,188
34,324,92
34,325,83
34,326,26
34,327,38
34,328,32
34,329,61
34,330,75
34,331,28
34,332,28
34,333,6
34,335,9
34,337,186
34,338,75
34,339,102
34,340,101
34,341,25
34,342,37
34,343,4
34,344,82
34,345,29
34,346,6
34,347,38
34,348,12
34,349,9
34,351,37
34,352,35
34,353,4
34,354,30
34,356,45
34,357,15
34,358,53
34,359,113
34,360,40
34,361,4
34,362,23
34,363,15
34,364,11
34,365,125
34,366,21
34,367,29
34,368,14
34,369,191
34,370,194
34,371,37
34,372,8
34,373,22
34,374,39
34,375,120
34,376,121
34,377,63
34,378,66
34,379,242
34,380,55
34,381,35
34,382,28
34,383,28
35,0,53
35,1,28
35,2,46
35,3,1
35,4,52
35,5,73
35,6,34
35,7,50
35,8,20
35,9,230
35,10,34
35,11,105
35,12,3
35,13,43
35,15,64
35,16,24
35,17,26
35,18,43
35,19,69
35,20,28
35,21,11
35,22,92
35,23,56
35,24,189
35,25,138
35,26,60
35,27,106
35,28,75
35,29,88
35,30,47
35,31,32
35,33,145
35,34,77
35,35,104
35,36,34
35,37,44
35,38,42
35,39,25
35,40,27
35,41,30
35,42,24
35,43,217
35,44,69
35,45,37
35,46,102
35,47,33
35,48,9
35,49,330
35,50,7
35,51,22
35,52,809
35,53,39
35,54,27
35,55,32
35,56,104
35,57,72
35,58,71
35,59,3
35,60,63
35,61,17
35,62,68
35,63,81
35,64,171
35,65,35
35,66,32
35,67,2
35,68,119
35,69,69
35,70,62
35,71,59
35,75,30
35,76,20
35,77,99
35,78,85
35,80,12
35,81,4
35,83,39
35,84,46
35,85,72
35,86,2
35,87,131
35,88,156
35,89,228
35,90,170
35,91,90
35,92,56
35,93,3
35,94,119
35,95,6
35,96,51
35,97,19
35,98,60
35,99,11
35,100,322
35,102,73
35,103,205
35,104,172
35,105,5
35,106,3
35,107,28
35,108,175
35,109,142
35,110,29
35,112,21
35,113,17
35,114,127
35,115,402
35,116,142
35,117,1
35,118,4
35,119,76
35,120,41
35,121,7
35,122,44
35,123,69
35,124,12
35,125,71
35,126,33
35,127,176
35,128,2
35,129,24
35,130,12
35,132,160
35,133,61
35,134,37
35,135,24
35,136,27
35,137,69
35,138,31
35,139,23
35,140,461
35,141,162
35,142,14
35,143,59
35,144,36
35,145,138
35,147,16
35,148,94
35,149,18
35,150,21
35,151,41
35,152,3
35,153,2
35,154,294
35,155,37
35,156,40
35,157,103
35,158,18
35,160,36
35,161,39
35,163,1
35,164,1
35,165,34
35,166,2
35,167,40
35,168,34
35,169,6
35,170,69
35,171,47
35,172,32
35,173,45
35,174,23
35,175,123
35,176,114
35,177,252
35,178,6
35,179,57
35,180,49
35,181,59
35,183,77
35,184,25
35,185,21
35,186,42
35,187,62
35,188,411
35,189,15
35,190,3
35,191,78
35,192,2
35,193,53
35,194,118
35,195,65
35,196,49
35,197,2
35,198,8
35,199,138
35,200,2
35,201,7
35,202,78
35,203,6
35,204,229
35,205,24
35,206,59
35,207,9
35,208,73
35,209,101
35,210,77
35,211,64
35,212,207
35,213,19
35,214,36
35,215,63
35,216,24
35,217,136
35,218,18
35,219,23
35,220,31
35,221,70
35,222,233
35,223,2
35,224,60
35,225,2
35,226,54
35,228,70
35,229,32
35,230,80
35,231,32
35,232,101
35,233,211
35,234,72
35,235,91
35,236,124
35,237,27
35,238,22
35,239,250
35,240,100
35,241,21
35,242,34
35,243,49
35,244,34
35,245,86
35,246,11
35,247,17
35,248,64
35,249,44
35,250,72
35,251,1
35,252,3
35,253,11
35,254,74
35,256,129
35,257,219
35,258,47
35,259,56
35,260,11
35,261,21
35,262,21
35,263,62
35,264,39
35,265,12
35,266,1
35,267,82
35,268,73
35,269,62
35,270,1
35,272,153
35,273,32
35,274,44
35,275,65
35,276,45
35,277,1
35,278,232
35,279,3
35,280,44
35,281,52
35,282,51
35,283,7
35,284,35
35,285,465
35,286,10
35,288,151
35,289,11
35,290,4
35,291,56
35,292,28
35,293,37
35,294,2
35,295,62
35,296,2
35,297,36
35,298,130
35,299,6
35,300,3
35,301,10
35,303,75
35,304,15
35,305,11
35,306,76
35,307,9
35,308,46
35,309,47
35,310,31
35,311,8
35,312,34
35,313,62
35,314,20
35,315,1
35,316,77
35,318,30
35,319,33
35,320,58
35,321,95
35,322,1
35,323,46
35,324,31
35,325,71
35,327,28
35,328,39
35,329,31
35,330,8
35,331,62
35,332,27
35,333,36
35,334,60
35,335,82
35,336,52
35,337,22
35,338,224
35,339,10
35,340,220
35,341,86
35,342,155
35,343,17
35,344,24
35,345,1
35,346,6
35,347,137
35,348,2
35,349,53
35,350,3
35,351,96
35,352,20
35,354,2
35,355,109
35,356,102
35,357,64
35,358,60
35,359,10
35,360,106
35,361,25
35,362,2
35,363,39
35,364,222
35,366,94
35,367,58
35,368,29
35,369,25
35,370,119
35,371,145
35,372,164
35,373,49
35,374,2
35,375,43
35,376,18
35,377,258
35,378,40
35,380,99
35,381,21
35,382,31
35,383,223
36,1,23
36,2,138
36,3,22
36,4,4
36,5,27
36,6,43
36,7,40
36,8,18
36,9,24
36,10,14
36,11,66
36,12,36
36,13,118
36,14,80
36,15,19
36,16,132
36,17,1
36,18,3
36,19,34
36,20,131
36,21,14
36,22,7
36,23,4
36,24,264
36,25,65
36,26,32
36,27,19
36,28,303
36,29,73
36,30,52
36,31,44
36,32,70
36,33,39
36,34,20
36,35,114
36,36,30
36,37,98
36,38,10
36,39,6
36,40,48
36,41,72
36,42,42
36,43,9
36,44,12
36,45,5
36,46,26
36,47,341
36,48,85
36,49,7
36,50,24
36,51,1
36,52,18
36,53,57
36,54,85
36,55,203
36,56,30
36,57,111
36,58,127
36,59,2
36,60,61
36,61,188
36,63,61
36,65,24
36,66,1
36,67,17
36,68,4
36,69,31
36,70,62
36,71,28
36,72,28
36,73,254
36,74,28
36,75,73
36,76,202
36,77,51
36,78,43
36,79,3
36,80,86
36,81,73
36,82,1
36,83,146
36,84,4
36,86,144
36,87,86
36,88,73
36,89,46
36,90,1
36,91,113
36,92,8
36,93,14
36,94,61
36,95,32
36,96,45
36,97,71
36,98,59
36,99,2
36,100,70
36,101,62
36,102,25
36,103,19
36,104,1
36,105,25
36,106,69
36,107,96
36,108,116
36,109,49
36,110,73
36,111,2
36,114,46
36,115,130
36,116,26
36,117,88
36,118,43
36,119,77
36,120,1
36,121,1
36,122,3
36,123,17
36,124,62
36,125,157
36,126,10
36,127,27
36,128,11
36,130,121
36,131,39
36,132,13
36,133,103
36,134,9
36,135,1
36,136,53
36,137,281
36,138,147
36,139,8
36,140,174
36,141,332
36,142,64
36,143,75
36,144,3
36,145,184
36,146,63
36,147,56
36,148,2
36,149,5
36,150,141
36,151,50
36,152,62
36,153,229
36,154,134
36,155,74
36,156,2
36,157,14
36,158,51
36,159,30
36,160,2
36,161,110
36,162,62
36,163,40
36,164,43
36,165,1
36,166,102
36,167,20
36,168,73
36,169,5
36,170,35
36,171,17
36,172,143
36,173,62
36,174,14
36,175,119
36,176,393
36,178,45
36,179,188
36,181,32
36,183,15
36,184,36
36,185,1
36,186,24
36,187,18
36,188,77
36,189,59
36,190,263
36,191,3
36,192,304
36,193,71
36,194,316
36,195,23
36,196,59
36,197,5
36,198,23
36,199,14
36,200,360
36,201,83
36,202,53
36,203,5
36,204,48
36,205,74
36,206,182
36,207,15
36,208,2
36,209,36
36,210,48
36,211,5
36,212,130
36,213,13
36,214,49
36,215,66
36,216,33
36,217,87
36,218,451
36,219,132
36,220,85
36,221,8
36,222,56
36,223,44
36,225,1
36,226,58
36,227,22
36,228,94
36,229,1
36,230,17
36,231,32
36,232,138
36,233,4
36,234,60
36,235,62
36,237,7
36,238,15
36,239,143
36,240,54
36,241,6
36,242,71
36,243,48
36,244,16
36,245,39
36,246,10
36,247,97
36,248,91
36,250,1
36,251,83
36,252,197
36,253,44
36,254,67
36,256,40
36,257,3
36,258,46
36,259,38
36,260,42
36,261,158
36,262,7
36,263,88
36,264,9
36,265,66
36,266,16
36,267,19
36,268,3
36,269,20
36,270,23
36,271,28
36,272,114
36,273,20
36,274,17
36,275,51
36,276,132
36,277,64
36,278,77
36,279,9
36,281,29
36,282,20
36,283,69
36,285,18
36,286,143
36,287,66
36,288,122
36,289,53
36,290,99
36,291,3
36,292,52
36,293,75
36,294,22
36,295,2
36,296,36
36,297,28
36,298,26
36,299,196
36,300,340
36,301,105
36,302,40
36,303,255
36,305,2
36,306,80
36,308,109
36,309,8
36,310,49
36,311,58
36,312,225
36,313,164
36,314,148
36,315,77
36,316,11
36,317,175
36,318,16
36,320,11
36,321,98
36,322,77
36,323,106
36,324,38
36,325,51
36,326,39
36,327,235
36,328,9
36,329,155
36,330,23
36,331,33
36,332,43
36,333,21
36,334,144
36,335,107
36,337,73
36,338,24
36,339,127
36,341,63
36,343,27
36,344,40
36,345,25
36,346,8
36,347,20
36,348,72
36,349,113
36,350,148
36,351,18
36,352,1
36,353,37
36,354,20
36,355,2
36,356,56
36,357,75
36,358,13
36,359,70
36,360,63
36,361,51
36,362,21
36,363,80
36,364,58
36,365,308
36,366,61
36,367,25
36,368,2
36,369,7
36,370,23
36,371,165
36,372,77
36,373,50
36,374,25
36,375,85
36,376,36
36,377,22
36,378,115
36,379,59
36,380,13
36,381,218
36,382,191
36,383,54
37,0,22
37,1,36
37,2,6
37,3,104
37,4,162
37,5,2
37,6,42
37,7,33
37,8,1
37,9,29
37,10,10
37,11,8
37,13,91
37,14,84
37,15,127
37,16,18
37,17,120
37,18,56
37,19,35
37,20,20
37,21,26
37,22,66
37,23,22
37,24,536
37,25,57
37,26,35
37,27,65
37,28,3
37,29,14
37,30,27
37,31,53
37,32,126
37,33,45
37,34,42
37,35,42
37,36,21
37,37,67
37,38,210
37,39,149
37,40,81
37,41,153
37,42,106
37,43,2
37,44,42
37,45,34
37,46,2
37,47,7
37,48,31
37,49,11
37,50,150
37,51,20
37,52,2
37,54,182
37,55,19
37,56,34
37,57,175
37,58,2
37,59,11
37,60,30
37,61,2
37,63,65
37,64,9
37,65,211
37,66,10
37,67,29
37,69,24
37,70,13
37,71,119
37,72,15
37,74,30
37,75,399
37,76,111
37,77,35
37,78,47
37,79,20
37,80,17
37,81,23
37,82,31
37,83,9
37,84,19
37,85,41
37,86,16
37,87,41
37,88,80
37,89,3
37,90,33
37,91,75
37,92,183
37,93,31
37,94,48
37,95,30
37,96,47
37,97,42
37,98,60
37,99,36
37,100,12
37,101,6
37,102,8
37,104,98
37,105,47
37,106,18
37,107,36
37,108,2
37,109,245
37,110,112
37,111,13
37,112,22
37,113,155
37,115,85
37,116,20
37,117,62
37,118,147
37,119,89
37,120,9
37,121,41
37,122,16
37,123,38
37,124,76
37,125,43
37,126,66
37,128,75
37,129,22
37,130,49
37,131,25
37,132,58
37,133,43
37,134,23
37,135,27
37,136,21
37,137,23
37,138,25
37,139,156
37,140,26
37,141,41
37,142,69
37,143,1
37,144,110
37,145,21
37,146,45
37,147,33
37,148,30
37,149,200
37,150,7
37,152,19
37,153,209
37,154,31
37,155,20
37,156,2
37,158,260
37,159,1
37,160,97
37,161,18
37,162,80
37,163,220
37,164,49
37,165,34
37,166,2
37,167,17
37,168,2
37,169,228
37,170,86
37,171,2
37,172,125
37,173,214
37,174,31
37,175,37
37,177,101
37,178,165
37,179,17
37,180,10
37,181,26
37,182,182
37,183,4
37,184,157
37,185,6
37,186,116
37,187,5
37,188,3
37,189,35
37,190,39
37,191,68
37,192,77
37,193,21
37,194,28
37,195,3
37,196,68
37,197,48
37,198,32
37,199,303
37,200,11
37,203,27
37,204,42
37,205,10
37,206,22
37,207,209
37,209,99
37,210,26
37,211,32
37,212,12
37,213,97
37,214,45
37,215,131
37,216,181
37,218,37
37,219,47
37,220,50
37,221,67
37,222,12
37,223,63
37,224,23
37,225,15
37,227,84
37,228,18
37,229,557
37,230,37
37,231,60
37,232,94
37,233,23
37,234,153
37,235,62
37,236,38
37,237,55
37,238,34
37,239,54
37,240,2
37,241,106
37,242,105
37,243,108
37,244,37
37,245,13
37,246,21
37,247,108
37,248,1
37,249,49
37,250,181
37,251,250
37,252,378
37,253,67
37,254,4
37,255,2
37,256,44
37,257,112
37,258,219
37,259,37
37,260,43
37,261,73
37,263,71
37,264,1
37,265,84
37,266,156
37,267,12
37,268,29
37,269,21
37,270,530
37,271,82
37,272,215
37,274,9
37,275,22
37,276,48
37,277,25
37,278,53
37,279,58
37,280,43
37,282,19
37,283,83
37,284,102
37,285,95
37,286,77
37,287,222
37,288,62
37,289,215
37,290,12
37,292,23
37,293,1
37,294,285
37,295,4
37,296,69
37,297,62
37,298,10
37,299,44
37,300,60
37,301,119
37,302,46
37,304,335
37,305,4
37,306,33
37,307,2
37,308,4
37,309,2
37,310,171
37,311,9
37,312,42
37,313,21
37,315,2
37,316,23
37,317,36
37,318,5
37,319,126
37,320,55
37,321,85
37,322,2
37,323,32
37,324,55
37,325,33
37,326,98
37,327,166
37,328,21
37,329,37
37,330,371
37,331,69
37,333,34
37,334,153
37,335,29
37,336,1
37,337,73
37,338,20
37,339,21
37,340,53
37,341,117
37,343,234
37,344,49
37,345,23
37,346,22
37,347,67
37,348,5
37,349,324
37,350,8
37,351,31
37,352,2
37,353,1
37,354,56
37,355,79
37,356,132
37,357,166
37,358,39
37,359,1
37,360,37
37,361,92
37,362,12
37,363,76
37,364,111
37,365,317
37,366,154
37,367,50
37,368,6
37,369,5
37,370,1
37,371,49
37,372,136
37,373,23
37,374,5
37,375,40
37,376,62
37,377,7
37,380,50
37,382,1
37,383,21
38,0,16
38,1,71
38,2,78
38,3,176
38,4,182
38,5,16
38,6,88
38,7,9
38,8,57
38,9,134
38,10,45
38,11,94
38,12,129
38,13,50
38,14,60
38,15,27
38,16,49
38,17,10
38,18,67
38,19,25
38,20,92
38,22,4
38,23,31
38,24,49
38,25,3
38,26,63
38,27,80
38,28,26
38,29,38
38,30,141
38,31,5
38,32,106
38,34,14
38,35,44
38,36,6
38,37,83
38,38,2
38,39,105
38,40,7
38,41,135
38,42,17
38,43,46
38,44,75
38,45,168
38,46,75
38,47,47
38,48,21
38,49,65
38,50,92
38,52,50
38,53,43
38,54,11
38,55,46
38,58,135
38,59,81
38,60,69
38,61,41
38,62,35
38,63,1
38,64,9
38,65,6
38,66,32
38,67,16
38,68,88
38,69,24
38,70,149
38,71,53
38,72,8
38,73,211
38,74,58
38,75,152
38,76,22
38,77,226
38,78,15
38,79,32
38,80,1
38,81,39
38,82,57
38,83,250
38,84,45
38,85,4
38,86,166
38,87,44
38,88,34
38,89,156
38,90,50
38,91,54
38,92,85
38,93,18
38,94,154
38,95,1
38,96,54
38,97,25
38,98,82
38,99,10
38,100,74
38,101,41
38,102,3
38,103,11
38,104,9
38,105,19
38,106,53
38,107,122
38,108,299
38,109,94
38,110,120
38,111,114
38,112,23
38,113,82
38,114,45
38,115,61
38,116,12
38,117,5
38,118,4
38,119,5
38,120,67
38,121,50
38,122,161
38,123,66
38,124,36
38,125,7
38,126,22
38,127,67
38,128,46
38,130,18
38,131,3
38,132,64
38,134,42
38,135,8
38,136,67
38,137,128
38,138,32
38,139,89
38,140,62
38,141,61
38,143,4
38,145,49
38,146,25
38,147,105
38,148,12
38,149,38
38,150,58
38,151,177
38,152,89
38,153,137
38,154,374
38,155,39
38,156,224
38,157,23
38,158,6
38,159,65
38,160,368
38,161,437
38,162,13
38,163,2
38,164,36
38,165,14
38,166,114
38,167,2
38,168,23
38,169,55
38,170,28
38,171,25
38,172,49
38,173,16
38,174,29
38,175,8
38,176,29
38,177,95
38,178,98
38,179,75
38,180,36
38,181,175
38,182,183
38,183,95
38,184,96
38,185,86
38,187,25
38,188,93
38,189,86
38,191,44
38,192,70
38,193,15
38,194,32
38,195,8
38,196,36
38,197,144
38,198,12
38,199,139
38,201,91
38,202,55
38,203,30
38,204,82
38,205,96
38,206,124
38,207,55
38,208,7
38,209,17
38,210,141
38,211,22
38,212,24
38,213,48
38,215,1
38,216,66
38,217,187
38,218,41
38,219,4
38,220,31
38,221,11
38,222,24
38,223,44
38,224,21
38,225,185
38,226,62
38,227,88
38,228,293
38,229,41
38,230,32
38,231,6
38,232,42
38,233,33
38,234,273
38,235,1
38,236,20
38,237,131
38,238,56
38,239,34
38,240,48
38,241,30
38,242,59
38,243,104
38,244,116
38,245,53
38,247,2
38,248,40
38,249,162
38,250,88
38,251,5
38,252,10
38,253,13
38,254,43
38,255,128
38,256,8
38,257,1
38,258,163
38,259,80
38,260,5
38,261,6
38,262,44
38,263,267
38,264,15
38,266,21
38,267,4
38,268,83
38,269,1
38,270,54
38,271,35
38,272,11
38,273,148
38,274,47
38,275,40
38,276,23
38,277,30
38,278,26
38,280,2
38,281,3
38,282,84
38,283,22
38,284,1
38,285,265
38,286,6
38,287,46
38,288,58
38,289,1
38,290,131
38,291,2
38,292,49
38,293,1
38,294,35
38,295,194
38,296,61
38,297,32
38,298,1
38,299,49
38,300,2
38,301,16
38,303,66
38,304,52
38,305,8
38,306,151
38,307,22
38,308,1
38,309,7
38,310,1
38,311,55
38,312,14
38,313,279
38,314,62
38,315,19
38,316,979
38,317,72
38,318,17
38,319,9
38,320,104
38,321,20
38,322,32
38,323,47
38,324,15
38,326,8
38,327,115
38,329,17
38,330,103
38,331,22
38,332,85
38,333,131
38,334,2
38,335,144
38,336,37
38,337,35
38,338,226
38,339,22
38,340,1
38,341,2
38,342,3
38,343,39
38,344,29
38,345,19
38,346,2
38,347,281
38,348,38
38,349,60
38,350,24
38,351,72
38,352,60
38,354,20
38,355,57
38,356,5
38,357,58
38,358,69
38,359,265
38,360,14
38,361,1
38,362,47
38,363,109
38,364,14
38,365,44
38,367,12
38,368,105
38,369,5
38,370,73
38,371,70
38,372,74
38,373,21
38,374,553
38,375,62
38,376,2
38,377,104
38,378,356
38,379,40
38,380,10
38,381,14
38,382,4
38,383,11
39,0,46
39,1,223
39,2,46
39,3,14
39,5,46
39,6,15
39,7,29
39,8,8
39,9,49
39,10,23
39,11,190
39,12,97
39,13,62
39,14,24
39,15,138
39,16,18
39,17,35
39,18,16
39,19,24
39,20,10
39,21,29
39,22,33
39,23,624
39,24,42
39,25,162
39,26,113
39,27,62
39,28,60
39,29,48
39,30,86
39,31,50
39,32,5
39,34,6
39,35,331
39,36,103
39,37,16
39,38,59
39,39,348
39,40,15
39,41,243
39,42,25
39,43,7
39,44,127
39,45,2
39,46,98
39,47,46
39,48,22
39,49,13
39,50,81
39,51,2
39,52,23
39,54,6
39,55,1
39,56,8
39,57,50
39,58,560
39,59,89
39,60,97
39,61,12
39,62,31
39,63,60
39,64,1
39,65,129
39,68,38
39,69,52
39,70,9
39,71,47
39,72,39
39,73,34
39,74,62
39,75,68
39,76,1
39,77,5
39,78,28
39,79,29
39,80,20
39,81,290
39,82,24
39,83,35
39,84,119
39,85,58
39,86,8
39,87,4
39,88,8
39,89,11
39,90,13
39,91,152
39,92,102
39,93,70
39,94,153
39,95,32
39,96,122
39,97,16
39,98,11
39,99,18
39,100,115
39,101,308
39,102,38
39,104,5
39,105,50
39,106,16
39,108,21
39,109,65
39,110,50
39,111,12
39,112,205
39,113,59
39,114,37
39,115,9
39,116,15
39,118,207
39,119,6
39,120,73
39,121,10
39,122,59
39,123,21
39,124,62
39,125,62
39,126,65
39,127,73
39,128,116
39,129,36
39,130,44
39,131,52
39,132,23
39,133,4
39,134,25
39,135,17
39,137,8
39,138,59
39,139,150
39,140,16
39,141,1
39,142,124
39,143,275
39,144,51
39,145,9
39,147,59
39,148,3
39,149,34
39,150,113
39,151,252
39,152,13
39,156,157
39,157,2
39,158,26
39,159,15
39,160,37
39,161,1
39,162,74
39,163,7
39,164,58
39,165,6
39,166,54
39,167,27
39,168,20
39,170,22
39,171,69
39,172,46
39,173,174
39,174,24
39,175,18
39,176,22
39,177,126
39,179,160
39,180,23
39,181,129
39,183,15
39,184,153
39,185,6
39,186,217
39,187,14
39,188,30
39,189,55
39,190,15
39,191,27
39,193,18
39,194,6
39,195,36
39,196,21
39,197,104
39,198,337
39,199,32
39,200,96
39,201,114
39,202,15
39,203,547
39,204,76
39,205,246
39,207,78
39,208,42
39,209,51
39,210,9
39,211,13
39,212,2
39,213,97
39,214,253
39,215,28
39,216,67
39,217,7
39,218,43
39,219,17
39,220,11
39,221,65
39,222,103
39,223,139
39,224,50
39,225,17
39,226,3
39,227,22
39,228,16
39,229,28
39,230,18
39,231,1
39,232,2
39,233,52
39,234,126
39,235,102
39,236,209
39,237,383
39,238,197
39,239,33
39,240,24
39,241,9
39,242,22
39,243,51
39,244,56
39,245,109
39,246,40
39,247,128
39,248,45
39,249,39
39,250,99
39,251,99
39,252,15
39,253,7
39,255,37
39,256,38
39,257,144
39,258,37
39,259,17
39,260,29
39,261,54
39,262,27
39,263,9
39,264,72
39,265,43
39,266,21
39,267,72
39,268,51
39,269,10
39,270,23
39,271,7
39,272,3
39,273,102
39,274,11
39,275,62
39,276,69
39,277,66
39,278,43
39,279,34
39,280,89
39,281,5
39,282,17
39,283,55
39,284,56
39,285,203
39,286,65
39,287,311
39,288,282
39,289,29
39,290,23
39,291,24
39,292,6
39,293,189
39,294,58
39,295,67
39,296,69
39,297,1
39,298,15
39,299,45
39,300,67
39,301,91
39,302,44
39,303,33
39,304,29
39,305,83
39,306,21
39,307,6
39,308,47
39,309,11
39,310,40
39,311,14
39,312,6
39,313,40
39,314,68
39,315,47
39,316,26
39,317,69
39,320,31
39,321,230
39,322,83
39,323,19
39,324,1
39,325,92
39,326,267
39,327,68
39,328,50
39,329,28
39,330,44
39,331,49
39,332,130
39,333,22
39,334,28
39,335,40
39,336,25
39,337,201
39,338,47
39,339,5
39,340,22
39,341,210
39,342,67
39,343,27
39,344,40
39,345,5
39,346,28
39,347,4
39,348,9
39,349,42
39,350,61
39,351,24
39,352,39
39,353,44
39,354,191
39,355,126
39,356,55
39,357,11
39,358,110
39,359,48
39,360,32
39,361,210
39,362,9
39,363,112
39,364,193
39,365,4
39,366,75
39,367,36
39,368,262
39,369,87
39,370,41
39,371,109
39,372,113
39,374,40
39,375,43
39,376,15
39,377,6
39,378,81
39,379,18
39,380,11
39,382,8
39,383,87
40,0,10
40,1,84
40,2,3
40,3,41
40,4,31
40,5,25
40,6,51
40,7,30
40,8,15
40,9,20
40,11,4
40,12,60
40,13,440
40,14,19
40,15,58
40,16,36
40,17,99
40,18,45
40,19,87
40,20,59
40,21,7
40,22,49
40,23,24
40,24,72
40,25,22
40,26,5
40,27,94
40,28,53
40,29,24
40,30,62
40,31,100
40,32,16
40,33,10
40,34,14
40,35,10
40,36,20
40,37,46
40,38,18
40,39,3
40,40,18
40,41,10
40,42,20
40,43,70
40,45,126
40,46,16
40,47,97
40,48,4
40,49,83
40,50,144
40,51,9
40,52,399
40,53,436
40,54,522
40,55,22
40,56,93
40,57,102
40,58,77
40,59,60
40,60,52
40,61,399
40,62,81
40,63,143
40,64,167
40,66,101
40,67,234
40,68,14
40,69,27
40,70,5
40,71,6
40,72,46
40,73,2
40,74,44
40,75,153
40,76,254
40,77,172
40,78,15
40,79,44
40,80,25
40,81,31
40,82,2
40,83,105
40,84,64
40,85,170
40,86,1
40,87,30
40,88,48
40,89,43
40,90,142
40,91,45
40,92,18
40,93,82
40,94,56
40,95,61
40,96,57
40,97,135
40,98,30
40,99,50
40,100,42
40,101,3
40,102,23
40,103,37
40,104,1
40,105,52
40,106,87
40,107,88
40,109,50
40,110,187
40,111,52
40,112,1
40,113,50
40,115,1
40,116,6
40,117,41
40,118,7
40,119,167
40,120,13
40,121,49
40,122,19
40,123,1
40,124,30
40,126,23
40,127,176
40,128,4
40,129,5
40,130,230
40,131,16
40,132,36
40,133,25
40,134,42
40,135,89
40,136,2
40,137,55
40,138,41
40,139,21
40,140,54
40,141,18
40,142,108
40,143,6
40,144,350
40,145,97
40,146,27
40,147,32
40,148,49
40,150,30
40,151,13
40,152,14
40,153,3
40,154,56
40,155,11
40,156,72
40,157,5
40,158,4
40,159,51
40,160,15
40,161,96
40,162,71
40,163,159
40,164,2
40,165,6
40,166,206
40,167,153
40,168,34
40,169,49
40,170,21
40,171,29
40,172,1
40,173,41
40,174,41
40,175,5
40,176,201
40,177,112
40,178,12
40,179,25
40,180,1
40,181,3
40,182,151
40,183,29
40,184,26
40,185,3
40,186,10
40,188,3
40,189,30
40,190,43
40,191,76
40,193,419
40,194,4
40,195,48
40,196,12
40,197,23
40,198,710
40,199,128
40,200,5
40,201,56
40,202,74
40,203,36
40,205,172
40,206,15
40,207,44
40,208,32
40,209,126
40,210,1
40,211,60
40,212,3
40,213,8
40,214,25
40,216,164
40,217,186
40,218,81
40,219,97
40,220,71
40,221,22
40,222,86
40,223,46
40,224,43
40,225,69
40,226,22
40,227,54
40,228,7
40,229,39
40,230,83
40,231,1
40,232,27
40,233,17
40,234,38
40,235,21
40,236,94
40,237,106
40,238,38
40,239,92
40,240,25
40,241,94
40,242,60
40,243,340
40,244,20
40,245,104
40,246,38
40,247,9
40,249,16
40,250,300
40,252,30
40,253,95
40,254,11
40,256,69
40,257,12
40,258,159
40,259,31
40,260,23
40,261,3
40,262,3
40,263,380
40,265,26
40,266,44
40,267,5
40,268,22
40,269,59
40,270,1
40,271,42
40,273,72
40,274,124
40,275,54
40,276,147
40,277,44
40,278,18
40,279,321
40,280,20
40,281,61
40,282,129
40,283,35
40,284,5
40,285,44
40,287,58
40,288,6
40,289,5
40,290,73
40,291,2
40,292,78
40,293,171
40,294,137
40,295,74
40,297,213
40,298,42
40,299,16
40,300,24
40,302,30
40,303,22
40,304,72
40,305,4
40,306,2
40,307,19
40,308,22
40,309,225
40,310,38
40,311,87
40,312,97
40,313,76
40,314,56
40,315,69
40,316,21
40,317,32
40,319,54
40,320,75
40,321,22
40,322,66
40,323,16
40,324,1
40,325,16
40,326,105
40,327,1
40,328,27
40,329,262
40,330,52
40,331,83
40,332,100
40,333,14
40,334,2
40,335,24
40,336,195
40,337,151
40,338,145
40,339,98
40,340,349
40,341,41
40,343,87
40,344,24
40,345,4
40,346,30
40,347,17
40,348,36
40,349,61
40,350,83
40,351,37
40,352,3
40,353,1
40,354,33
40,356,26
40,357,4
40,359,3
40,360,8
40,361,51
40,362,229
40,363,18
40,364,10
40,366,275
40,367,83
40,368,29
40,369,83
40,370,129
40,371,31
40,372,79
40,373,45
40,374,2
40,375,90
40,377,17
40,378,24
40,379,46
40,380,130
40,381,15
40,382,55
40,383,72
41,1,12
41,2,14
41,3,33
41,4,4
41,5,72
41,6,44
41,7,13
41,8,126
41,9,97
41,10,43
41,13,88
41,14,105
41,15,102
41,16,64
41,17,44
41,18,10
41,19,72
41,20,38
41,21,67
41,22,13
41,23,7
41,24,111
41,26,9
41,27,45
41,28,46
41,29,39
41,30,92
41,31,46
41,32,28
41,33,469
41,34,9
41,35,25
41,36,53
41,37,10
41,38,73
41,39,67
41,40,8
41,41,12
41,42,48
41,43,14
41,44,165
41,45,68
41,46,18
41,47,26
41,48,186
41,49,32
41,50,84
41,51,6
41,52,16
41,53,25
41,54,3
41,55,66
41,56,51
41,57,17
41,58,831
41,59,35
41,60,11
41,61,156
41,62,31
41,63,7
41,64,479
41,65,8
41,66,25
41,67,102
41,68,14
41,69,554
41,70,32
41,71,51
41,72,2
41,73,49
41,74,96
41,75,69
41,76,56
41,77,218
41,78,10
41,79,38
41,80,162
41,81,48
41,82,24
41,83,2
41,84,35
41,85,53
41,86,43
41,87,14
41,88,8
41,89,70
41,90,77
41,91,3
41,92,81
41,93,84
41,94,28
41,96,108
41,97,35
41,98,225
41,100,12
41,101,19
41,102,77
41,103,70
41,104,273
41,105,32
41,106,39
41,107,124
41,108,31
41,109,11
41,110,24
41,111,43
41,112,134
41,113,54
41,114,67
41,115,1
41,116,34
41,117,35
41,118,80
41,119,95
41,120,15
41,121,3
41,123,377
41,124,61
41,125,2
41,126,72
41,127,2
41,128,613
41,129,9
41,130,31
41,131,14
41,132,9
41,133,2
41,134,97
41,135,4
41,136,9
41,137,21
41,138,7
41,139,6
41,140,29
41,141,19
41,142,14
41,143,76
41,144,50
41,145,53
41,146,254
41,147,264
41,148,7
41,149,34
41,150,93
41,151,22
41,152,425
41,153,63
41,154,5
41,155,16
41,156,47
41,157,1
41,158,80
41,159,14
41,160,29
41,161,42
41,162,60
41,163,27
41,164,7
41,165,70
41,166,15
41,167,29
41,168,151
41,169,11
41,170,7
41,171,31
41,172,5
41,173,1
41,174,30
41,175,3
41,176,252
41,177,6
41,178,24
41,179,50
41,180,130
41,181,231
41,182,41
41,183,40
41,184,15
41,186,10
41,187,58
41,188,13
41,190,12
41,191,55
41,192,30
41,193,119
41,194,1
41,195,126
41,196,130
41,197,19
41,198,9
41,200,63
41,201,58
41,202,4
41,203,18
41,204,49
41,205,26
41,206,18
41,207,129
41,209,247
41,210,76
41,211,256
41,213,6
41,215,70
41,216,22
41,217,13
41,218,20
41,219,92
41,220,11
41,221,28
41,222,38
41,223,57
41,224,26
41,225,11
41,226,38
41,227,32
41,228,124
41,229,36
41,230,17
41,231,36
41,232,190
41,233,14
41,234,63
41,235,40
41,236,11
41,237,18
41,238,125
41,239,12
41,240,50
41,241,17
41,242,165
41,243,15
41,244,2
41,245,17
41,246,6
41,247,2
41,248,61
41,249,61
41,250,9
41,251,28
41,252,1
41,253,28
41,254,263
41,255,46
41,256,37
41,257,44
41,258,137
41,259,176
41,262,165
41,263,245
41,264,142
41,265,19
41,266,45
41,267,73
41,268,24
41,270,31
41,271,176
41,273,4
41,274,104
41,275,15
41,276,38
41,277,706
41,278,114
41,279,13
41,280,110
41,281,9
41,282,69
41,283,7
41,284,26
41,285,193
41,286,88
41,287,4
41,288,30
41,289,11
41,290,737
41,291,54
41,292,81
41,293,24
41,294,20
41,295,75
41,296,76
41,297,28
41,298,17
41,299,1
41,301,44
41,302,207
41,303,25
41,304,1
41,305,12
41,306,41
41,307,132
41,308,82
41,309,7
41,310,18
41,311,16
41,312,1
41,313,18
41,314,47
41,315,24
41,317,90
41,318,23
41,319,36
41,320,37
41,321,20
41,322,92
41,323,246
41,324,34
41,325,34
41,326,37
41,327,33
41,328,508
41,329,10
41,330,18
41,331,28
41,332,77
41,333,1
41,334,59
41,335,35
41,336,19
41,337,42
41,338,3
41,339,76
41,340,1
41,341,27
41,342,131
41,343,17
41,344,16
41,345,148
41,346,50
41,347,64
41,348,13
41,350,51
41,351,36
41,352,157
41,353,3
41,354,29
41,355,14
41,356,8
41,357,23
41,358,52
41,359,4
41,360,45
41,361,26
41,363,27
41,364,32
41,365,15
41,366,90
41,367,175
41,368,40
41,369,23
41,371,15
41,372,31
41,373,131
41,374,34
41,375,17
41,377,20
41,378,41
41,379,61
41,380,1
41,381,114
41,382,29
41,383,44
42,0,12
42,2,43
42,3,10
42,4,1
42,6,20
42,7,55
42,8,15
42,9,26
42,10,23
42,11,161
42,13,64
42,14,1
42,15,18
42,16,32
42,17,21
42,18,15
42,19,10
42,20,99
42,21,3
42,22,21
42,23,169
42,24,24
42,25,221
42,26,39
42,27,4
42,28,51
42,29,41
42,30,64
42,31,74
42,33,33
42,34,35
42,35,57
42,36,17
42,37,24
42,38,29
42,39,43
42,40,3
42,41,37
42,42,1
42,43,12
42,44,99
42,45,16
42,46,15
42,47,42
42,48,76
42,49,86
42,50,8
42,51,4
42,52,35
42,53,51
42,54,24
42,55,6
42,56,29
42,57,19
42,58,279
42,59,269
42,60,5
42,62,26
42,63,34
42,64,18
42,65,15
42,66,17
42,67,6
42,68,640
42,69,16
42,70,38
42,72,3
42,73,158
42,74,82
42,75,208
42,76,79
42,77,82
42,78,2
42,79,54
42,80,63
42,81,15
42,82,61
42,83,3
42,84,243
42,86,48
42,87,99
42,88,3
42,89,10
42,90,15
42,91,35
42,92,18
42,93,603
42,94,283
42,95,174
42,96,22
42,97,56
42,98,114
42,99,41
42,100,70
42,102,3
42,103,418
42,104,37
42,105,58
42,106,74
42,107,1
42,108,28
42,109,25
42,110,11
42,111,16
42,112,11
42,113,17
42,114,17
42,115,5
42,116,165
42,118,68
42,119,4
42,120,84
42,121,292
42,122,7
42,123,30
42,124,68
42,125,18
42,126,78
42,127,126
42,128,287
42,129,218
42,130,74
42,131,5
42,132,46
42,133,751
42,134,4
42,135,16
42,136,89
42,137,251
42,138,19
42,140,65
42,141,5
42,142,172
42,143,27
42,145,19
42,146,309
42,147,101
42,148,37
42,150,17
42,151,38
42,153,31
42,154,132
42,155,39
42,156,20
42,157,30
42,158,25
42,159,139
42,160,23
42,161,19
42,162,21
42,163,31
42,164,98
42,165,36
42,166,130
42,167,103
42,168,67
42,169,14
42,170,13
42,171,7
42,172,2
42,173,15
42,174,14
42,175,23
42,176,83
42,177,29
42,178,2
42,179,302
42,180,4
42,181,21
42,182,20
42,183,33
42,184,118
42,185,72
42,186,29
42,187,35
42,188,21
42,189,58
42,190,142
42,191,67
42,192,26
42,193,5
42,194,39
42,195,50
42,196,56
42,197,100
42,199,105
42,200,2
42,201,35
42,202,13
42,203,2
42,204,14
42,205,174
42,206,20
42,207,7
42,208,35
42,209,37
42,211,37
42,212,2
42,213,19
42,214,1
42,215,13
42,216,65
42,217,219
42,218,77
42,219,31
42,220,386
42,221,4
42,222,22
42,223,146
42,224,83
42,225,59
42,226,18
42,227,17
42,228,91
42,229,108
42,230,21
42,232,21
42,233,97
42,234,48
42,235,40
42,236,44
42,237,167
42,238,16
42,239,25
42,240,85
42,241,71
42,242,148
42,243,27
42,244,5
42,245,20
42,246,53
42,247,24
42,248,10
42,249,30
42,251,331
42,252,80
42,253,23
42,255,9
42,256,536
42,257,272
42,258,52
42,259,42
42,260,24
42,261,77
42,262,15
42,263,16
42,264,36
42,265,324
42,266,4
42,267,81
42,268,1
42,269,1
42,270,55
42,272,34
42,274,56
42,275,230
42,276,5
42,277,13
42,278,42
42,279,21
42,280,32
42,281,65
42,283,16
42,284,61
42,285,89
42,286,23
42,287,11
42,288,34
42,289,78
42,290,23
42,291,28
42,292,24
42,293,107
42,294,4
42,295,52
42,296,13
42,297,50
42,298,59
42,299,3
42,300,13
42,301,187
42,302,12
42,303,38
42,304,20
42,305,119
42,306,24
42,308,167
42,309,54
42,310,53
42,311,105
42,313,19
42,314,77
42,315,46
42,316,2
42,317,7
42,318,49
42,319,157
42,320,27
42,322,8
42,323,83
42,324,132
42,326,79
42,327,4
42,328,30
42,329,9
42,330,59
42,331,78
42,332,129
42,333,34
42,334,352
42,335,180
42,336,109
42,337,47
42,339,13
42,340,3
42,342,44
42,343,32
42,344,16
42,345,5
42,346,48
42,347,15
42,348,857
42,349,41
42,350,377
42,351,45
42,352,21
42,353,27
42,354,10
42,355,2
42,356,11
42,357,118
42,358,33
42,360,59
42,361,192
42,362,111
42,363,35
42,364,20
42,365,118
42,366,6
42,367,31
42,368,86
42,369,38
42,370,10
42,371,56
42,372,33
42,373,60
42,374,81
42,375,38
42,376,1
42,377,13
42,379,45
42,380,17
42,381,12
42,382,5
42,383,54
43,0,4
43,1,12
43,2,247
43,3,181
43,4,47
43,5,34
43,6,25
43,7,188
43,8,32
43,9,255
43,10,58
43,11,184
43,12,226
43,13,306
43,14,34
43,15,7
43,16,54
43,17,1
43,18,6
43,19,22
43,20,134
43,22,85
43,23,24
43,24,9
43,27,23
43,28,44
43,29,43
43,30,35
43,31,22
43,32,25
43,33,2
43,34,1
43,35,779
43,36,167
43,37,4
43,38,16
43,39,34
43,40,32
43,41,20
43,42,16
43,43,28
43,44,144
43,45,50
43,46,59
43,47,64
43,48,1
43,49,217
43,50,1
43,51,15
43,52,5
43,53,45
43,54,35
43,55,21
43,56,2
43,57,1
43,58,177
43,59,24
43,60,40
43,61,36
43,62,26
43,63,86
43,64,18
43,65,17
43,66,263
43,67,22
43,68,126
43,69,17
43,70,10
43,71,43
43,72,77
43,73,30
43,74,14
43,76,23
43,77,2
43,78,279
43,79,10
43,80,3
43,81,19
43,82,119
43,83,49
43,84,193
43,85,28
43,86,100
43,88,90
43,89,110
43,90,29
43,91,33
43,92,18
43,93,400
43,94,52
43,95,37
43,96,350
43,97,111
43,98,1
43,99,68
43,100,3
43,101,59
43,102,21
43,103,31
43,104,27
43,105,5
43,106,182
43,107,10
43,108,1
43,109,111
43,110,4
43,111,32
43,112,63
43,113,1
43,114,123
43,115,3
43,116,131
43,117,61
43,118,3
43,119,52
43,120,92
43,121,92
43,122,35
43,123,42
43,124,849
43,125,30
43,126,182
43,127,19
43,129,7
43,130,13
43,131,74
43,132,5
43,133,161
43,134,68
43,135,93
43,136,9
43,137,162
43,138,132
43,139,18
43,140,27
43,141,19
43,142,289
43,143,4
43,144,20
43,145,106
43,146,47
43,147,33
43,148,83
43,149,2
43,150,65
43,151,50
43,152,11
43,153,56
43,156,53
43,157,45
43,158,34
43,159,16
43,160,77
43,161,5
43,162,23
43,163,99
43,164,24
43,165,23
43,166,46
43,167,55
43,168,93
43,169,548
43,170,214
43,171,17
43,172,13
43,173,44
43,174,56
43,175,1
43,176,1
43,177,1
43,178,8
43,179,17
43,180,60
43,181,182
43,182,110
43,183,64
43,184,43
43,185,44
43,186,28
43,187,80
43,188,75
43,189,73
43,192,30
43,193,7
43,194,27
43,195,141
43,196,35
43,197,20
43,198,18
43,199,40
43,200,3
43,201,32
43,202,94
43,203,32
43,204,50
43,205,3
43,206,15
43,207,380
43,208,172
43,209,123
43,210,47
43,212,6
43,213,198
43,214,1
43,215,27
43,216,41
43,217,27
43,218,3
43,219,65
43,220,2
43,222,19
43,223,66
43,224,22
43,225,14
43,226,61
43,227,54
43,228,32
43,229,46
43,230,4
43,231,16
43,233,59
43,234,46
43,235,20
43,236,19
43,237,27
43,238,67
43,239,179
43,240,1
43,241,51
43,242,2
43,243,17
43,244,12
43,245,10
43,246,9
43,247,2
43,248,64
43,249,14
43,250,106
43,251,7
43,252,7
43,253,10
43,254,50
43,255,27
43,256,94
43,257,50
43,258,24
43,259,21
43,260,27
43,261,29
43,262,3
43,263,18
43,264,43
43,265,61
43,266,60
43,267,44
43,268,21
43,269,45
43,270,63
43,271,51
43,273,99
43,274,12
43,275,23
43,276,124
43,277,17
43,278,102
43,279,497
43,280,8
43,281,24
43,282,1
43,283,52
43,284,77
43,286,11
43,287,22
43,288,46
43,289,63
43,290,56
43,292,14
43,293,27
43,294,22
43,295,68
43,296,43
43,297,7
43,298,1
43,299,18
43,300,51
43,301,16
43,302,1
43,303,40
43,305,925
43,306,24
43,307,34
43,308,22
43,309,42
43,310,16
43,311,9
43,312,895
43,313,116
43,314,59
43,315,85
43,316,21
43,317,3
43,318,54
43,319,74
43,320,1
43,321,5
43,322,17
43,323,190
43,324,48
43,325,41
43,326,329
43,328,21
43,329,2
43,330,56
43,331,19
43,332,112
43,333,23
43,335,63
43,336,27
43,337,54
43,338,47
43,339,5
43,340,244
43,341,41
43,342,10
43,343,28
43,345,7
43,346,19
43,347,25
43,349,135
43,350,28
43,351,50
43,352,4
43,353,11
43,354,1
43,355,156
43,356,62
43,357,168
43,358,13
43,359,8
43,360,114
43,361,23
43,362,40
43,363,20
43,364,27
43,365,2
43,366,77
43,367,33
43,369,142
43,370,20
43,371,298
43,372,21
43,373,5
43,374,18
43,375,174
43,377,24
43,378,24
43,379,16
43,380,43
43,381,49
43,382,25
43,383,9
44,0,16
44,1,43
44,2,17
44,3,21
44,4,952
44,5,2
44,7,1
44,8,1
44,9,1
44,10,13
44,11,200
44,12,13
44,13,10
44,14,7
44,15,160
44,16,131
44,17,4
44,18,35
44,20,38
44,21,23
44,22,40
44,23,36
44,24,34
44,25,8
44,26,26
44,27,2
44,28,13
44,29,109
44,31,1
44,32,16
44,33,61
44,34,51
44,35,26
44,37,43
44,38,31
44,39,3
44,41,35
44,42,41
44,43,3
44,45,257
44,46,25
44,47,7
44,48,19
44,49,19
44,50,24
44,51,154
44,52,20
44,53,3
44,54,88
44,55,28
44,56,1
44,57,83
44,58,234
44,59,23
44,60,8
44,61,17
44,62,18
44,63,57
44,64,20
44,65,334
44,66,40
44,67,94
44,68,4
44,69,58
44,70,18
44,71,37
44,72,12
44,74,14
44,75,11
44,76,206
44,78,16
44,79,84
44,80,3
44,81,6
44,82,24
44,83,3
44,84,26
44,85,49
44,86,23
44,87,21
44,88,43
44,89,147
44,90,191
44,91,24
44,92,42
44,93,1
44,94,1
44,95,32
44,96,8
44,97,940
44,98,1
44,99,21
44,100,18
44,101,46
44,102,87
44,103,31
44,104,2
44,105,35
44,106,5
44,108,23
44,110,1098
44,111,31
44,112,17
44,113,4
44,114,33
44,115,14
44,116,1
44,117,25
44,118,68
44,119,4
44,120,23
44,121,43
44,122,92
44,124,41
44,125,1
44,126,18
44,127,50
44,128,328
44,129,20
44,130,12
44,131,7
44,132,33
44,133,14
44,134,6
44,135,5
44,136,30
44,137,6
44,138,28
44,139,18
44,140,25
44,141,33
44,142,259
44,143,25
44,144,34
44,145,54
44,147,600
44,148,40
44,150,2
44,152,22
44,153,20
44,154,318
44,155,76
44,156,213
44,157,36
44,158,320
44,159,1
44,160,26
44,161,66
44,162,282
44,163,7
44,164,4
44,165,68
44,166,87
44,167,20
44,168,45
44,170,119
44,171,31
44,172,91
44,173,501
44,174,36
44,175,81
44,176,56
44,177,11
44,178,60
44,179,92
44,180,35
44,181,16
44,182,7
44,183,15
44,185,15
44,186,1
44,187,80
44,188,262
44,189,24
44,190,5
44,191,48
44,192,463
44,193,27
44,194,6
44,195,83
44,196,35
44,198,28
44,199,19
44,200,136
44,201,41
44,202,62
44,203,107
44,204,18
44,206,4
44,207,76
44,208,10
44,209,24
44,210,57
44,212,665
44,213,3
44,216,139
44,217,5
44,218,21
44,219,17
44,220,161
44,221,22
44,222,147
44,223,22
44,224,26
44,225,7
44,226,73
44,227,10
44,228,22
44,229,383
44,230,9
44,231,386
44,232,36
44,233,247
44,234,4
44,235,11
44,236,856
44,237,32
44,239,301
44,240,37
44,241,121
44,242,23
44,243,1
44,244,47
44,245,27
44,246,96
44,247,1
44,248,43
44,249,79
44,251,9
44,252,52
44,253,9
44,254,15
44,255,3
44,257,2
44,258,30
44,259,29
44,260,3
44,261,41
44,262,8
44,263,6
44,266,30
44,267,437
44,268,35
44,269,25
44,270,26
44,271,5
44,272,182
44,273,3
44,274,60
44,275,237
44,276,19
44,278,28
44,280,58
44,281,10
44,282,4
44,283,18
44,284,60
44,285,6
44,286,41
44,287,140
44,288,3
44,290,29
44,291,30
44,292,2
44,293,129
44,294,20
44,295,9
44,296,1
44,297,34
44,298,103
44,299,22
44,300,27
44,302,160
44,303,19
44,304,5
44,305,58
44,306,57
44,307,23
44,309,180
44,310,1
44,311,21
44,312,1
44,313,33
44,314,31
44,315,2
44,317,69
44,318,40
44,319,43
44,320,1
44,322,31
44,323,11
44,324,19
44,325,2
44,326,43
44,327,18
44,328,42
44,329,5
44,330,7
44,331,110
44,332,180
44,333,3
44,334,87
44,335,14
44,336,141
44,337,25
44,338,31
44,339,1
44,340,25
44,341,94
44,342,3
44,343,44
44,344,4
44,345,287
44,346,185
44,347,20
44,348,22
44,349,11
44,350,48
44,351,91
44,353,190
44,354,17
44,355,38
44,357,5
44,358,13
44,359,45
44,360,28
44,361,87
44,362,121
44,363,13
44,364,16
44,366,22
44,367,33
44,368,19
44,369,3
44,370,20
44,371,42
44,372,45
44,373,12
44,376,93
44,377,16
44,378,105
44,379,177
44,380,2
44,381,646
44,382,17
44,383,13
45,0,614
45,1,23
45,2,56
45,3,125
45,4,67
45,5,8
45,6,67
45,7,3
45,8,35
45,10,2
45,11,122
45,12,4
45,13,30
45,14,28
45,15,38
45,17,374
45,18,4
45,19,33
45,20,81
45,21,43
45,22,112
45,23,34
45,25,1
45,26,12
45,27,1
45,28,10
45,29,11
45,32,22
45,33,7
45,35,19
45,36,33
45,37,45
45,38,43
45,39,24
45,40,2
45,41,3
45,42,371
45,43,20
45,44,8
45,45,22
45,46,29
45,47,40
45,48,148
45,49,147
45,50,78
45,51,6
45,52,92
45,53,7
45,54,35
45,55,49
45,57,17
45,58,13
45,60,34
45,61,4
45,62,196
45,63,2
45,64,19
45,65,47
45,66,33
45,68,336
45,69,44
45,70,23
45,71,2
45,72,21
45,73,23
45,74,44
45,75,2
45,76,25
45,78,50
45,79,8
45,80,127
45,81,464
45,83,31
45,84,39
45,85,6
45,86,291
45,87,4
45,88,21
45,89,70
45,90,687
45,91,42
45,92,44
45,93,21
45,94,57
45,96,21
45,97,588
45,98,97
45,99,17
45,100,3
45,101,402
45,102,11
45,103,16
45,104,1
45,105,33
45,106,22
45,107,21
45,108,65
45,109,23
45,111,25
45,113,502
45,114,92
45,115,29
45,116,73
45,118,13
45,119,5
45,120,125
45,122,65
45,123,43
45,124,5
45,125,40
45,126,84
45,127,87
45,128,7
45,129,18
45,130,87
45,131,17
45,132,1
45,133,27
45,134,23
45,135,723
45,136,18
45,137,31
45,138,31
45,139,39
45,140,851
45,141,1
45,142,111
45,143,70
45,144,25
45,146,7
45,148,204
45,149,18
45,150,1
45,151,23
45,153,127
45,154,37
45,155,34
45,156,10
45,158,18
45,159,27
45,161,4
45,162,54
45,164,341
45,165,34
45,166,197
45,167,45
45,168,68
45,170,5
45,171,109
45,172,44
45,173,19
45,174,25
45,175,22
45,177,611
45,178,25
45,179,43
45,180,38
45,181,79
45,182,129
45,183,34
45,184,24
45,185,8
45,186,134
45,187,53
45,188,31
45,189,23
45,190,18
45,191,12
45,192,44
45,193,117
45,194,33
45,195,26
45,196,11
45,197,281
45,198,30
45,199,45
45,200,81
45,201,3
45,202,341
45,203,19
45,204,1
45,205,15
45,206,38
45,207,19
45,208,14
45,209,9
45,210,90
45,211,9
45,212,4
45,213,1343
45,214,22
45,215,18
45,216,18
45,217,4
45,218,16
45,219,10
45,220,77
45,221,18
45,222,66
45,223,8
45,224,5
45,225,97
45,227,13
45,229,1
45,231,19
45,232,40
45,233,7
45,234,189
45,235,1
45,236,4
45,237,10
45,238,7
45,239,1
45,240,8
45,241,21
45,242,23
45,243,21
45,244,41
45,245,5
45,246,8
45,247,37
45,248,186
45,249,2
45,250,64
45,251,113
45,253,5
45,255,12
45,256,321
45,257,12
45,258,42
45,259,160
45,260,4
45,261,7
45,262,33
45,263,2
45,264,10
45,265,5
45,266,26
45,267,73
45,268,34
45,269,160
45,270,10
45,271,8
45,272,20
45,273,4
45,274,218
45,275,7
45,276,6
45,278,17
45,279,105
45,280,25
45,281,126
45,282,78
45,283,2
45,284,13
45,285,159
45,286,62
45,287,40
45,288,1
45,289,37
45,291,11
45,292,25
45,294,26
45,295,51
45,296,50
45,297,14
45,300,16
45,303,13
45,304,292
45,305,85
45,306,63
45,307,8
45,308,2
45,309,8
45,310,41
45,311,616
45,312,91
45,313,1
45,314,4
45,315,1
45,316,1
45,318,22
45,319,237
45,321,20
45,322,2
45,323,5
45,324,11
45,325,52
45,326,23
45,327,7
45,328,9
45,329,69
45,330,15
45,331,5
45,333,32
45,334,9
45,335,21
45,336,27
45,337,8
45,338,34
45,339,36
45,340,15
45,341,21
45,342,26
45,343,66
45,344,270
45,345,67
45,346,155
45,348,48
45,349,81
45,350,5
45,351,32
45,352,25
45,353,15
45,354,28
45,355,115
45,356,9
45,357,14
45,358,68
45,359,28
45,360,98
45,361,26
45,362,2
45,363,57
45,364,1119
45,365,22
45,366,62
45,367,56
45,368,52
45,369,47
45,370,15
45,371,12
45,372,8
45,373,22
45,374,24
45,377,21
45,378,45
45,379,33
45,380,54
45,382,60
45,383,53
46,1,67
46,2,5
46,4,45
46,5,13
46,6,38
46,7,11
46,8,8
46,9,8
46,10,19
46,11,8
46,13,62
46,14,7
46,15,11
46,17,4
46,18,73
46,19,25
46,20,118
46,21,1
46,23,33
46,24,43
46,25,3
46,26,39
46,27,26
46,28,17
46,29,2
46,30,344
46,31,8
46,32,62
46,33,678
46,34,10
46,35,94
46,37,36
46,38,21
46,39,26
46,40,9
46,41,10
46,42,24
46,43,13
46,44,78
46,45,32
46,47,55
46,48,18
46,49,17
46,50,2
46,51,42
46,53,19
46,55,484
46,56,1395
46,57,6
46,58,16
46,60,122
46,61,62
46,62,1
46,63,30
46,64,63
46,65,29
46,67,38
46,68,90
46,69,26
46,70,37
46,71,28
46,72,14
46,73,3
46,74,28
46,75,91
46,76,132
46,77,174
46,78,124
46,79,16
46,80,10
46,81,31
46,82,18
46,83,14
46,84,6
46,86,11
46,87,10
46,88,6
46,89,3
46,90,1
46,92,617
46,93,27
46,94,4
46,95,18
46,96,55
46,97,118
46,98,61
46,99,1
46,100,91
46,102,203
46,103,8
46,104,1
46,105,7
46,106,19
46,107,27
46,109,6
46,110,186
46,111,85
46,112,124
46,114,2
46,115,3
46,116,13
46,117,1
46,118,21
46,119,80
46,121,49
46,122,130
46,125,261
46,126,28
46,127,2
46,128,222
46,130,22
46,132,19
46,133,18
46,134,1
46,135,1
46,136,11
46,137,1
46,138,5
46,139,112
46,140,14
46,141,5
46,142,217
46,143,47
46,144,37
46,145,18
46,147,127
46,148,414
46,149,3
46,150,51
46,151,10
46,153,15
46,154,11
46,155,30
46,156,31
46,157,30
46,158,23
46,159,49
46,160,1
46,161,82
46,162,8
46,163,1
46,164,29
46,165,31
46,166,6
46,167,4
46,168,11
46,169,121
46,170,6
46,171,78
46,172,102
46,173,19
46,174,19
46,175,31
46,176,77
46,177,33
46,178,73
46,179,12
46,180,6
46,181,70
46,182,38
46,183,44
46,184,8
46,185,27
46,186,1
46,187,4
46,188,10
46,189,50
46,190,22
46,191,1
46,192,53
46,193,6
46,194,1
46,195,11
46,196,46
46,198,63
46,200,53
46,201,18
46,203,37
46,204,56
46,205,37
46,206,29
46,207,16
46,208,41
46,209,107
46,210,391
46,211,22
46,213,27
46,214,4
46,215,3
46,216,2
46,217,23
46,218,17
46,219,7
46,220,3
46,221,2
46,222,35
46,223,1568
46,224,38
46,225,27
46,226,19
46,227,32
46,228,2
46,229,52
46,231,45
46,232,43
46,233,17
46,234,1
46,235,22
46,236,96
46,237,390
46,238,13
46,239,62
46,240,16
46,241,87
46,242,65
46,243,409
46,244,860
46,245,28
46,246,36
46,247,17
46,249,37
46,250,28
46,251,7
46,252,7
46,253,98
46,254,17
46,255,21
46,256,19
46,257,12
46,258,3
46,260,73
46,261,2
46,262,11
46,263,32
46,264,13
46,265,2
46,267,442
46,268,784
46,269,2
46,270,85
46,271,53
46,272,3
46,273,225
46,274,25
46,275,130
46,276,5
46,277,13
46,278,93
46,279,94
46,280,14
46,281,62
46,282,1
46,283,34
46,284,12
46,286,581
46,287,96
46,288,25
46,289,5
46,291,34
46,292,109
46,293,20
46,294,74
46,295,29
46,296,43
46,297,45
46,298,13
46,299,1
46,301,1
46,303,43
46,304,49
46,305,20
46,306,78
46,307,21
46,309,36
46,310,30
46,311,29
46,312,469
46,313,11
46,315,7
46,316,13
46,317,1
46,318,3
46,319,16
46,320,30
46,321,97
46,322,12
46,323,62
46,324,223
46,325,7
46,329,96
46,330,380
46,331,71
46,332,200
46,333,42
46,335,13
46,336,16
46,337,1
46,338,129
46,339,20
46,340,57
46,341,5
46,342,59
46,343,16
46,344,909
46,345,2
46,347,68
46,349,28
46,352,26
46,353,68
46,354,7
46,355,192
46,356,18
46,357,39
46,359,70
46,360,82
46,362,2
46,363,6
46,364,43
46,366,2
46,367,4
46,368,21
46,369,1
46,370,29
46,371,3
46,372,23
46,373,47
46,374,466
46,375,10
46,376,8
46,378,6
46,379,43
46,380,63
46,381,14
46,382,333
46,383,189
47,0,37
47,1,643
47,2,10
47,3,20
47,4,22
47,5,56
47,6,6
47,7,36
47,8,8
47,9,88
47,10,45
47,11,38
47,12,68
47,15,25
47,16,19
47,17,20
47,18,26
47,20,39
47,21,28
47,22,45
47,23,59
47,24,34
47,25,13
47,26,19
47,27,11
47,28,2
47,29,13
47,30,4
47,31,92
47,32,32
47,33,76
47,34,11
47,35,27
47,36,27
47,39,3
47,41,4
47,42,95
47,43,168
47,44,1
47,45,29
47,46,26
47,47,35
47,48,19
47,49,61
47,50,67
47,51,31
47,52,137
47,53,18
47,54,157
47,55,20
47,56,56
47,57,43
47,58,4
47,59,92
47,60,77
47,61,3
47,62,532
47,63,2
47,65,1554
47,67,31
47,68,16
47,69,7
47,70,19
47,71,167
47,73,438
47,74,53
47,75,2
47,76,1
47,77,9
47,78,1
47,79,536
47,80,41
47,81,56
47,82,21
47,84,4
47,85,3
47,86,24
47,87,29
47,88,82
47,89,48
47,90,15
47,91,126
47,92,17
47,93,47
47,94,9
47,95,6
47,96,3
47,97,6
47,98,233
47,99,166
47,100,49
47,101,5
47,102,105
47,103,6
47,104,327
47,105,98
47,106,75
47,107,42
47,108,30
47,109,21
47,110,108
47,111,29
47,112,37
47,113,12
47,114,35
47,115,17
47,116,36
47,117,70
47,118,3
47,119,53
47,120,48
47,121,14
47,122,50
47,123,51
47,124,570
47,125,2
47,126,54
47,127,25
47,128,42
47,129,41
47,130,22
47,132,10
47,133,1
47,134,44
47,135,1
47,136,3
47,137,72
47,138,19
47,139,239
47,140,35
47,141,29
47,142,21
47,143,26
47,144,43
47,145,16
47,147,55
47,148,103
47,149,22
47,150,1
47,151,14
47,152,1
47,153,14
47,154,259
47,155,1
47,156,9
47,157,84
47,158,108
47,161,7
47,162,4
47,163,1
47,164,2
47,165,19
47,166,17
47,167,60
47,168,152
47,169,205
47,170,50
47,171,9
47,172,81
47,173,270
47,174,15
47,175,16
47,176,24
47,177,475
47,178,31
47,179,712
47,180,1
47,181,39
47,182,32
47,184,138
47,185,11
47,187,75
47,188,7
47,190,10
47,191,2
47,192,636
47,193,12
47,194,64
47,195,124
47,196,25
47,197,30
47,198,1
47,199,14
47,200,52
47,201,42
47,202,67
47,203,10
47,204,8
47,205,22
47,206,1
47,207,34
47,208,64
47,209,16
47,211,9
47,212,45
47,213,46
47,214,138
47,215,33
47,216,36
47,217,18
47,218,7
47,219,628
47,220,650
47,221,221
47,223,31
47,224,29
47,225,57
47,226,24
47,228,45
47,229,19
47,230,2
47,231,11
47,232,429
47,233,70
47,234,32
47,235,15
47,236,16
47,238,34
47,239,157
47,240,28
47,241,17
47,242,47
47,243,43
47,245,2
47,246,24
47,247,4
47,248,34
47,249,15
47,250,34
47,251,15
47,252,92
47,253,27
47,254,58
47,255,87
47,258,845
47,260,13
47,261,13
47,262,12
47,263,118
47,264,28
47,265,418
47,266,99
47,267,3
47,268,5
47,270,23
47,272,16
47,274,44
47,275,28
47,276,1
47,277,1
47,278,12
47,279,21
47,281,3
47,282,16
47,283,40
47,284,44
47,285,26
47,286,27
47,287,28
47,288,8
47,289,37
47,290,27
47,291,252
47,293,55
47,294,22
47,295,14
47,296,24
47,297,31
47,298,6
47,299,1
47,300,9
47,301,350
47,302,6
47,303,40
47,304,3
47,305,3
47,306,22
47,307,1
47,308,11
47,310,167
47,311,5
47,312,10
47,313,1
47,314,13
47,316,36
47,317,90
47,318,14
47,319,88
47,320,32
47,321,22
47,322,99
47,323,2
47,324,58
47,325,42
47,328,259
47,329,87
47,331,18
47,332,4
47,333,5
47,334,121
47,335,316
47,336,1
47,337,2
47,338,29
47,339,12
47,340,8
47,342,19
47,343,75
47,344,21
47,346,121
47,347,790
47,348,23
47,350,289
47,351,101
47,352,9
47,353,57
47,354,6
47,355,28
47,357,2
47,358,4
47,359,14
47,361,21
47,362,2
47,364,25
47,365,195
47,366,10
47,368,51
47,369,2
47,370,16
47,371,1
47,372,51
47,374,3
47,375,17
47,376,8
47,378,81
47,380,51
47,381,54
47,382,6
47,383,22
48,1,19
48,2,11
48,3,23
48,4,1
48,5,3
48,6,5
48,8,33
48,9,35
48,10,87
48,11,26
48,12,9
48,13,54
48,14,10
48,15,5
48,16,1
48,17,6
48,18,21
48,19,27
48,20,84
48,21,130
48,22,2
48,23,3
48,24,51
48,25,62
48,26,16
48,27,200
48,29,24
48,30,91
48,31,135
48,32,344
48,33,22
48,34,49
48,35,107
48,36,53
48,37,3
48,38,28
48,39,95
48,40,34
48,41,42
48,42,30
48,43,37
48,45,18
48,46,5
48,47,16
48,48,16
48,49,24
48,50,117
48,51,17
48,52,44
48,53,7
48,54,73
48,55,32
48,56,17
48,57,3
48,58,44
48,59,44
48,60,301
48,61,57
48,62,4
48,63,10
48,64,138
48,65,2
48,67,2
48,69,35
48,70,1
48,71,791
48,72,44
48,73,44
48,74,26
48,75,21
48,76,20
48,77,7
48,78,221
48,79,265
48,80,518
48,81,28
48,82,40
48,84,94
48,85,70
48,86,35
48,87,79
48,88,40
48,89,33
48,90,2
48,91,20
48,92,30
48,93,10
48,94,14
48,95,19
48,96,15
48,97,3
48,98,82
48,99,4
48,100,8
48,101,1
48,102,7
48,104,11
48,105,2
48,106,18
48,107,154
48,108,125
48,109,5
48,110,44
48,111,50
48,113,839
48,114,23
48,115,3
48,116,64
48,117,35
48,120,189
48,121,2
48,122,109
48,123,534
48,124,7
48,125,88
48,127,6
48,128,32
48,129,62
48,130,5
48,131,7
48,132,90
48,133,45
48,134,24
48,135,16
48,137,46
48,139,72
48,140,9
48,141,63
48,142,16
48,143,17
48,144,18
48,145,21
48,146,1
48,147,46
48,148,12
48,151,676
48,152,64
48,153,220
48,154,314
48,155,185
48,156,88
48,157,4
48,158,65
48,159,57
48,160,98
48,161,53
48,162,35
48,163,32
48,165,29
48,166,24
48,168,2
48,169,41
48,170,54
48,171,25
48,172,81
48,174,11
48,175,18
48,176,15
48,177,8
48,178,1
48,179,21
48,182,54
48,183,56
48,184,25
48,185,336
48,186,53
48,187,657
48,188,6
48,189,4
48,190,9
48,191,3
48,192,34
48,194,48
48,195,15
48,196,247
48,197,102
48,198,77
48,199,230
48,200,652
48,201,52
48,203,3
48,204,61
48,205,42
48,206,18
48,207,12
48,208,6
48,209,95
48,210,9
48,212,19
48,213,23
48,214,490
48,215,6
48,216,1
48,217,15
48,220,10
48,221,4
48,222,2
48,223,31
48,224,132
48,225,1
48,226,6
48,227,7
48,228,1
48,229,33
48,230,1
48,231,19
48,232,72
48,233,5
48,234,24
48,235,112
48,236,24
48,237,13
48,239,91
48,240,886
48,241,17
48,242,26
48,243,5
48,244,40
48,245,13
48,246,33
48,247,16
48,248,36
48,249,10
48,251,85
48,252,14
48,254,10
48,255,16
48,256,8
48,257,24
48,258,1781
48,259,36
48,260,86
48,261,5
48,262,3
48,263,32
48,265,23
48,266,3
48,267,2
48,269,33
48,270,15
48,272,6
48,274,43
48,275,2
48,276,19
48,278,11
48,279,20
48,280,551
48,282,11
48,283,16
48,284,14
48,285,4
48,287,16
48,288,20
48,289,24
48,290,1
48,291,39
48,293,26
48,294,8
48,295,9
48,296,39
48,297,11
48,299,305
48,301,26
48,302,31
48,303,181
48,304,299
48,305,60
48,306,100
48,308,3
48,309,4
48,310,27
48,311,15
48,312,180
48,313,16
48,315,16
48,316,7
48,317,27
48,318,28
48,319,34
48,320,3
48,321,1
48,322,12
48,323,782
48,324,107
48,325,33
48,327,127
48,328,14
48,329,15
48,330,3
48,331,2
48,332,79
48,334,64
48,335,29
48,336,5
48,337,7
48,339,173
48,340,73
48,341,2
48,342,22
48,343,4
48,344,540
48,345,5
48,346,154
48,347,97
48,348,7
48,350,3
48,351,18
48,353,7
48,354,597
48,355,12
48,356,1
48,357,58
48,359,2
48,360,1
48,362,14
48,363,53
48,364,15
48,367,9
48,368,89
48,369,4
48,370,1
48,372,95
48,374,70
48,375,34
48,376,24
48,378,44
48,379,47
48,380,31
48,381,60
48,383,23
49,0,4
49,1,16
49,2,52
49,3,106
49,4,75
49,5,20
49,7,112
49,8,9
49,9,2
49,10,1
49,12,18
49,14,3
49,15,13
49,16,3
49,18,1
49,19,46
49,21,49
49,22,47
49,23,15
49,25,152
49,26,42
49,27,23
49,28,760
49,29,26
49,30,17
49,31,116
49,32,32
49,33,568
49,34,9
49,36,793
49,37,67
49,38,1
49,39,3
49,40,803
49,41,5
49,42,25
49,43,24
49,44,14
49,46,137
49,47,6
49,49,49
49,51,84
49,52,60
49,53,4
49,55,15
49,56,28
49,57,151
49,58,42
49,60,84
49,61,22
49,63,94
49,64,12
49,65,18
49,67,3
49,68,14
49,69,26
49,72,18
49,74,293
49,75,15
49,76,39
49,77,298
49,78,4
49,79,20
49,81,24
49,82,17
49,84,65
49,85,211
49,86,31
49,87,13
49,88,20
49,89,35
49,90,44
49,91,12
49,93,14
49,94,26
49,96,15
49,98,31
49,99,37
49,100,27
49,102,11
49,103,8
49,104,23
49,105,6
49,106,8
49,107,2
49,108,48
49,109,10
49,110,2
49,111,1
49,112,323
49,114,168
49,115,3
49,116,14
49,117,14
49,119,700
49,120,7
49,121,73
49,122,318
49,123,29
49,124,12
49,126,261
49,127,2
49,128,23
49,129,19
49,130,14
49,131,95
49,133,17
49,134,23
49,135,49
49,136,1
49,137,151
49,139,31
49,140,47
49,141,550
49,143,114
49,144,415
49,145,15
49,146,24
49,147,13
49,150,50
49,151,26
49,152,48
49,154,7
49,155,6
49,156,28
49,159,53
49,160,57
49,161,6
49,162,9
49,163,7
49,164,81
49,165,27
49,168,7
49,169,37
49,170,36
49,171,62
49,173,34
49,174,244
49,175,50
49,176,8
49,177,3
49,178,18
49,179,84
49,180,15
49,181,14
49,182,23
49,183,17
49,187,30
49,188,20
49,190,120
49,191,83
49,192,7
49,193,143
49,194,46
49,196,58
49,197,78
49,198,20
49,199,25
49,200,8
49,202,10
49,203,50
49,204,9
49,205,1
49,206,43
49,208,44
49,209,5
49,210,43
49,211,9
49,212,1
49,213,5
49,214,1
49,215,10
49,216,6
49,217,11
49,219,116
49,220,32
49,221,14
49,222,1
49,223,50
49,224,33
49,225,66
49,226,85
49,230,43
49,232,14
49,234,2
49,235,34
49,236,18
49,237,44
49,240,24
49,241,63
49,243,3
49,244,40
49,245,26
49,247,36
49,248,28
49,249,36
49,250,31
49,251,6
49,252,17
49,253,444
49,254,6
49,255,12
49,257,186
49,258,18
49,259,40
49,260,23
49,261,36
49,262,47
49,267,1
49,270,27
49,271,3
49,273,9
49,274,1
49,275,12
49,277,85
49,280,961
49,281,57
49,282,63
49,283,107
49,284,1
49,285,8
49,286,7
49,287,5
49,288,37
49,289,43
49,290,27
49,292,42
49,293,42
49,294,12
49,295,31
49,296,7
49,298,21
49,299,149
49,301,9
49,302,212
49,304,19
49,305,10
49,306,68
49,307,11
49,308,35
49,311,5
49,312,13
49,313,4
49,315,10
49,316,40
49,318,3
49,320,18
49,322,38
49,323,1
49,326,173
49,327,33
49,329,13
49,330,29
49,331,10
49,332,7
49,333,30
49,334,36
49,335,18
49,336,11
49,338,13
49,339,6
49,340,3
49,341,161
49,342,85
49,344,314
49,345,3
49,346,8
49,347,2
49,348,14
49,349,14
49,350,32
49,351,1
49,352,16
49,354,75
49,355,4
49,357,15
49,359,11
49,360,906
49,361,7
49,362,41
49,363,5
49,364,18
49,365,31
49,367,1
49,370,14
49,371,14
49,372,9
49,373,13
49,374,177
49,375,125
49,376,9
49,377,120
49,378,19
49,380,20
49,381,48
49,382,1
49,383,326
